track_id,title,artist,album,image_url,preview_url,url,duration_ms,valence,energy,tempo,danceability,acousticness,key,mode
6pM9FJtp8Bc3bEacpqbcCH,"Bhoom Bhaddhal (From ""Krack"")","Mangli, Simha","Bhoom Bhaddhal (From ""Krack"")",https://i.scdn.co/image/ab67616d0000b2739e62e48c3d20ac1aea5c1f0e,,https://open.spotify.com/track/6pM9FJtp8Bc3bEacpqbcCH,262090,0.9,0.8,120.0,0.5,0.5,0,1
37S2kL71k5LOmGxzJ7JLzE,Blockbuster,"Shreya Ghoshal, Nakash Aziz, Simha, Sri Krishna, Deepu, Thaman S, Ramajogayya Sastry",Sarrainodu,https://i.scdn.co/image/ab67616d0000b273d2c34d906fdc33d7b23c9041,,https://open.spotify.com/track/37S2kL71k5LOmGxzJ7JLzE,304987,0.9,0.8,120.0,0.5,0.5,0,1
3WTHnUPLqVZXSw54PFLtiL,Super Machi,"Devi Sri Prasad, Sravana Bhargavi, Magizhini Manimaran",Son Of Satyamurthy,https://i.scdn.co/image/ab67616d0000b27371cc7c112a85908f0192aa70,,https://open.spotify.com/track/3WTHnUPLqVZXSw54PFLtiL,278188,0.9,0.8,120.0,0.5,0.5,0,1
3KUD3u6xFEIewEQVppwXbH,Whattey Beauty - Telugu,"Dhanunjay Seepana, Amala Chebolu, Mahati Swara Sagar",Bheeshma,https://i.scdn.co/image/ab67616d0000b2739fd188b301bac900bca48d90,,https://open.spotify.com/track/3KUD3u6xFEIewEQVppwXbH,234782,0.9,0.8,120.0,0.5,0.5,0,1
55lcV76gPJUqAnHj3Z9xRd,Private Party,"M.C. Vickey, M.M.Manasi, Thaman S, Krishna Chaitanya",Sarrainodu,https://i.scdn.co/image/ab67616d0000b273d2c34d906fdc33d7b23c9041,,https://open.spotify.com/track/55lcV76gPJUqAnHj3Z9xRd,263440,0.9,0.8,120.0,0.5,0.5,0,1
7KWksSySkwqGS3vo59yygt,Ek Baar,"Dsp, Ranina Reddy, Devi Sri Prasad, Shreemani",Vinaya Vidheya Rama [TELUGU],https://i.scdn.co/image/ab67616d0000b27370d69d8cc9d4d78ce9c8b208,,https://open.spotify.com/track/7KWksSySkwqGS3vo59yygt,259951,0.9,0.8,120.0,0.5,0.5,0,1
3vrcXIv9dclJYfpo5JshOp,Chitike,"Anirudh Ravichander, Rahul Sipligunj",Gang (Telugu) [Original Motion Picture Soundtrack],https://i.scdn.co/image/ab67616d0000b2736fb283f266179f1f8cd8e8c2,,https://open.spotify.com/track/3vrcXIv9dclJYfpo5JshOp,240000,0.9,0.8,120.0,0.5,0.5,0,1
3NWBLY8mOYbE1Ebo31cTIx,"Pakka Local (From ""Janatha Garage"")","Geetha Madhuri, Sagar",Dsp Musical Hits,https://i.scdn.co/image/ab67616d0000b273a84689382ade9c677bc3bcdc,,https://open.spotify.com/track/3NWBLY8mOYbE1Ebo31cTIx,259329,0.9,0.8,120.0,0.5,0.5,0,1
1wVHlN2inEmT6f38MunqFi,"Jarra Jarra (From ""Valmiki"")","Mickey J. Meyer, Anurag Kulkarni, Uma Neha, Bhaskarabhatla","Jarra Jarra (From ""Valmiki"")",https://i.scdn.co/image/ab67616d0000b273e7042d929fa9e2e3d6d71bbe,,https://open.spotify.com/track/1wVHlN2inEmT6f38MunqFi,181856,0.9,0.8,120.0,0.5,0.5,0,1
1Nh7gea2bnOt9i3HQI1JCB,"Massu Maranam - From ""Petta (Telugu)""","Anirudh Ravichander, Mano",Petta (Telugu) [Original Motion Picture Soundtrack],https://i.scdn.co/image/ab67616d0000b273a53755af3937b3d3042e1ef1,,https://open.spotify.com/track/1Nh7gea2bnOt9i3HQI1JCB,216000,0.9,0.8,120.0,0.5,0.5,0,1
1u2S1xH9SvvrxedWMTZ79G,"Glassmates (From ""Chitralahari"")","Rahul Sipligunj, Penchal Das, Devi Sri Prasad","Glassmates (From ""Chitralahari"")",https://i.scdn.co/image/ab67616d0000b2739ff507aea6d8ccf3d0650779,,https://open.spotify.com/track/1u2S1xH9SvvrxedWMTZ79G,214553,0.9,0.8,120.0,0.5,0.5,0,1
4HTDl31KMbRxWrH778ffvV,Cinema Choopistha Mama,"Simha Yadgiri, Malavika, Mansi, M.M.Monissha",Race Gurram,https://i.scdn.co/image/ab67616d0000b27389e4edcaba64f6ff95ad5ecd,,https://open.spotify.com/track/4HTDl31KMbRxWrH778ffvV,270064,0.5,0.5,120.0,0.5,0.5,0,1
4PYJiAIsR6JlgGZbhXPPK1,Pedda Puli,Rahul Sipligunj,Chal Mohan Ranga,https://i.scdn.co/image/ab67616d0000b27304a274447ccb8873a1d0a87e,,https://open.spotify.com/track/4PYJiAIsR6JlgGZbhXPPK1,231857,0.9,0.8,120.0,0.5,0.5,0,1
5VayHAvzwBx4i87c1twFjS,Seeti Maar,"Jaspreet Jasz, Rita Thyagarajan",DJ,https://i.scdn.co/image/ab67616d0000b273aebc18d724da041d7f032052,,https://open.spotify.com/track/5VayHAvzwBx4i87c1twFjS,250680,0.9,0.8,120.0,0.5,0.5,0,1
3BBI3rftKYwZAuuIa1Z9fY,"Dhaari Choodu (From ""Krishnarjuna Yudham"")","Penchal Das, Hiphop Tamizha","Dhaari Choodu (From ""Krishnarjuna Yudham"")",https://i.scdn.co/image/ab67616d0000b273f89983865eb28841396bba00,,https://open.spotify.com/track/3BBI3rftKYwZAuuIa1Z9fY,188684,0.9,0.8,120.0,0.5,0.5,0,1
5o5MuoOU2QHVVyWJdkTXGK,Iraga Iraga,"Rahul Sipligunj, Mohana Bhogaraju",Naa Peru Surya Naa Illu India,https://i.scdn.co/image/ab67616d0000b273adccbd6d0638ddabc89ca2ac,,https://open.spotify.com/track/5o5MuoOU2QHVVyWJdkTXGK,240000,0.9,0.8,120.0,0.5,0.5,0,1
3HH5xuxWEKrEIRwWrBI6I4,"Ammadu Let's Do Kummudu (From ""Khaidi No 150"")","Devi Sri Prasad, Ranina Reddy",Dsp Musical Hits,https://i.scdn.co/image/ab67616d0000b273a84689382ade9c677bc3bcdc,,https://open.spotify.com/track/3HH5xuxWEKrEIRwWrBI6I4,208157,0.9,0.8,120.0,0.5,0.5,0,1
5gqJBYwrpYcFtQ2TW8sokT,Hulala,"Sweekar Agasthi, Silvia Anisha",Express Raja (Original Motion Picture Soundtrack),https://i.scdn.co/image/ab67616d0000b273c90c5b49cf39bb1b12ed886f,,https://open.spotify.com/track/5gqJBYwrpYcFtQ2TW8sokT,223253,0.9,0.8,120.0,0.5,0.5,0,1
6WUHTxhrhP7HzcbPxkYmsh,Light Theesko,"Baba Sehgal, Murali",Mr Perfect,https://i.scdn.co/image/ab67616d0000b273723c541e574b10a500d22e4d,,https://open.spotify.com/track/6WUHTxhrhP7HzcbPxkYmsh,265071,0.9,0.8,120.0,0.5,0.5,0,1
49bXxI5G1fTOuVRr56s5fr,Ratthaalu,"Nakash Aziz, Jasmine Sandlas",Khaidi No 150,https://i.scdn.co/image/ab67616d0000b2731b7e0a3497137c860c5d4e69,,https://open.spotify.com/track/49bXxI5G1fTOuVRr56s5fr,262240,0.9,0.8,120.0,0.5,0.5,0,1
4yNJ3anRH1rMJzcDDTlOOk,Door Number Okati,Geetha Madhuri,Oopiri (Original Motion Picture Soundtrack),https://i.scdn.co/image/ab67616d0000b273e587393f961be04fc29e539e,,https://open.spotify.com/track/4yNJ3anRH1rMJzcDDTlOOk,243043,0.9,0.8,120.0,0.5,0.5,0,1
48DXKwPRiMAjr0YfXGfVVo,Top Lesi Poddi,"Sagar, Geetha Madhuri",Idharammayilatho (Original Motion Picture Soundtrack),https://i.scdn.co/image/ab67616d0000b273e67f052dabfcfa0fa06a874c,,https://open.spotify.com/track/48DXKwPRiMAjr0YfXGfVVo,257925,0.9,0.8,120.0,0.5,0.5,0,1
40Z8bpGJPxjClb4NK8j0LJ,Who R U,Devi Sri Prasad,No 1 Nenokkadine,https://i.scdn.co/image/ab67616d0000b273a95977873b41f539527ae892,,https://open.spotify.com/track/40Z8bpGJPxjClb4NK8j0LJ,291518,0.9,0.8,120.0,0.5,0.5,0,1
0DpBhHvxAOZUhaRh33dIUK,My Love Is Gone,"Devi Sri Prasad, Ranjith Govind, Chandra Bose",Aarya - 2 (Original Motion Picture Soundtrack),https://i.scdn.co/image/ab67616d0000b2738335d4c9f1240433714f0a33,,https://open.spotify.com/track/0DpBhHvxAOZUhaRh33dIUK,288960,0.9,0.8,120.0,0.5,0.5,0,1
3APiIzLQYIitzR8F3oG1fV,Ringa Ringa,"Devi Sri Prasad, Priya Hemesh, Chandra Bose",Aarya - 2 (Original Motion Picture Soundtrack),https://i.scdn.co/image/ab67616d0000b2738335d4c9f1240433714f0a33,,https://open.spotify.com/track/3APiIzLQYIitzR8F3oG1fV,333960,0.9,0.8,120.0,0.5,0.5,0,1
0iT2FnhutL3yJh7DXy1SOG,"Dinchak (From ""Red"")","Keerthana Sharma, Saketh Komanduri","Dinchak (From ""Red"")",https://i.scdn.co/image/ab67616d0000b2734d0fc5a821585adeadf30606,,https://open.spotify.com/track/0iT2FnhutL3yJh7DXy1SOG,319088,0.9,0.8,120.0,0.5,0.5,0,1
2B5ovomAAUAZtLGArf4wdw,La La Bheemla,Arun Kaundinya,Bheemla Nayak,https://i.scdn.co/image/ab67616d0000b2737cd7220ff1dd35ce6d35b1a7,,https://open.spotify.com/track/2B5ovomAAUAZtLGArf4wdw,147942,0.9,0.8,120.0,0.5,0.5,0,1
1JN90g0awndZqWKeEsyraz,Paisa Vasool,"Daler Mehndi, Uma Neha, Anurag Kulkarni",Paisa Vasool,https://i.scdn.co/image/ab67616d0000b273d104bc373afa291ef98064f9,,https://open.spotify.com/track/1JN90g0awndZqWKeEsyraz,236444,0.5,0.5,120.0,0.5,0.5,0,1
1D8dEFWzWPCs9kk2BaWDGS,Mama Ek Peg La,"Nandamuri Balakrishna, Divya Divakar",Paisa Vasool,https://i.scdn.co/image/ab67616d0000b273d104bc373afa291ef98064f9,,https://open.spotify.com/track/1D8dEFWzWPCs9kk2BaWDGS,216382,0.9,0.8,120.0,0.5,0.5,0,1
5fl5pJKjWwJgRkbZfZzyGw,Kevvu Keka,"Mamta Sharma, Kushi Murali",Gabbar Singh,https://i.scdn.co/image/ab67616d0000b27304544e27451a2195dd91b9cf,,https://open.spotify.com/track/5fl5pJKjWwJgRkbZfZzyGw,247361,0.5,0.5,120.0,0.5,0.5,0,1
1xTxKdIpD2QDTBAMvBNr7J,"Akhanda - Title Song (From ""Akhanda"")","Shankar Mahadevan, Siddharth Mahadevan, Shivam Mahadevan, Thaman S, Anantha Sreeram","Akhanda - Title Song (From ""Akhanda"")",https://i.scdn.co/image/ab67616d0000b2735d88725a115765bde7c60162,,https://open.spotify.com/track/1xTxKdIpD2QDTBAMvBNr7J,284138,0.9,0.8,120.0,0.5,0.5,0,1
2xr3uvrbq6OKCUX2puxj8q,,,,,,https://open.spotify.com/track/2xr3uvrbq6OKCUX2puxj8q,0,0.5,0.5,120.0,0.5,0.5,0,1
60VyQzsBj1DddurUZGHUQ7,,,,,,https://open.spotify.com/track/60VyQzsBj1DddurUZGHUQ7,0,0.5,0.5,120.0,0.5,0.5,0,1
2q0EHeFHe0dNnq6DF2UcTe,Last Bench,"Sheshank Sheshagiri, Chintan Vikas",Kirrak Party,https://i.scdn.co/image/ab67616d0000b27383ba538a6260369b8aa79f7c,,https://open.spotify.com/track/2q0EHeFHe0dNnq6DF2UcTe,175543,0.5,0.5,120.0,0.5,0.5,0,1
3c3luK2EbrnzT7krhil2Fs,Bus Stande Bus Stande,Sagar,Rang De,https://i.scdn.co/image/ab67616d0000b273f1dc2b0a5af81c1533360150,,https://open.spotify.com/track/3c3luK2EbrnzT7krhil2Fs,219642,0.9,0.8,120.0,0.5,0.5,0,1
4R2kmU6XEfwkaLjrEIIerU,"Raavana (From ""Jai Lava Kusa"")",Divya Kumar,Dsp Musical Hits,https://i.scdn.co/image/ab67616d0000b273a84689382ade9c677bc3bcdc,,https://open.spotify.com/track/4R2kmU6XEfwkaLjrEIIerU,258122,0.9,0.8,120.0,0.5,0.5,0,1
5zGHViDOEuNaZySWpLgPw6,Nippu Ra,"Santhosh Narayanan, Arunraja Kamaraj",Kabali (Original Motion Picture Soundtrack),https://i.scdn.co/image/ab67616d0000b273445632de8ee31a29f6d59ba2,,https://open.spotify.com/track/5zGHViDOEuNaZySWpLgPw6,218666,0.9,0.8,120.0,0.5,0.5,0,1
389QeODLYejJBt5KH608fJ,Ori Devuda,Hemachandra Vedala,Raghuvaran B Tech,https://i.scdn.co/image/ab67616d0000b273889be788e1712acc28eb1df4,,https://open.spotify.com/track/389QeODLYejJBt5KH608fJ,268650,0.9,0.8,120.0,0.5,0.5,0,1
677u765cOcec5Z6peF4lT2,Luckkanna Mate Nillu,L. V. Revanth,Raghuvaran B Tech,https://i.scdn.co/image/ab67616d0000b273889be788e1712acc28eb1df4,,https://open.spotify.com/track/677u765cOcec5Z6peF4lT2,210195,0.9,0.8,120.0,0.5,0.5,0,1
7wj3S2IBMT567IixVKROWR,"Jingidi (From ""Guru"")","Venkatesh, Santhosh Narayanan","Jingidi (From ""Guru"")",https://i.scdn.co/image/ab67616d0000b27358183bd501e9ff6643c36f33,,https://open.spotify.com/track/7wj3S2IBMT567IixVKROWR,176744,0.9,0.8,120.0,0.5,0.5,0,1
4iKGu3xtvm90eBw0EIPWJP,"Naatu Naatu (From ""Rrr"")","Rahul Sipligunj, Kala Bhairava, M. M. Keeravaani, Chandra Bose","Naatu Naatu (From ""Rrr"")",https://i.scdn.co/image/ab67616d0000b27364c947e0504c0cc5ad845619,,https://open.spotify.com/track/4iKGu3xtvm90eBw0EIPWJP,214399,0.9,0.8,120.0,0.5,0.5,0,1
63baxNpBLBNTMn1cmOqIid,Paer Dhanushu,"Anirudh Ravichander, Ranjith Govind, Aravind Srinivas",Maas (Original Motion Picture Soundtrack),https://i.scdn.co/image/ab67616d0000b273a2c854136e242b9b824f8cc8,,https://open.spotify.com/track/63baxNpBLBNTMn1cmOqIid,229895,0.9,0.8,120.0,0.5,0.5,0,1
3BhjbaGeI7E0CiIjctfdD3,Kar Gayi Chull,"Badshah, Amaal Mallik, Fazilpuria, Sukriti Kakar, Neha Kakkar",Kapoor & Sons (Since 1921) (Original Motion Picture Soundtrack),https://i.scdn.co/image/ab67616d0000b27321c2eda68f386c438ba2f1aa,,https://open.spotify.com/track/3BhjbaGeI7E0CiIjctfdD3,187710,0.9,0.8,120.0,0.5,0.5,0,1
3dGnykeZl6O95Tjoe2h9pt,Panjaa,Yuvan Shankar Raja,Panjaa,https://i.scdn.co/image/ab67616d0000b273cea64c408a084f910414cda4,,https://open.spotify.com/track/3dGnykeZl6O95Tjoe2h9pt,214741,0.9,0.8,120.0,0.5,0.5,0,1
1d8FzIo9LWDihdJzMH8r7G,Top Tucker - Telugu,Mohit Chauhan,Sarkar (Telugu) [Original Motion Picture Soundtrack],https://i.scdn.co/image/ab67616d0000b27314bcf04b45fbbdb28539bd57,,https://open.spotify.com/track/1d8FzIo9LWDihdJzMH8r7G,222463,0.9,0.8,120.0,0.5,0.5,0,1
0yMdhWfcw3jrONEznclZzn,Chill Bro,"Vivek - Mervin, Ramajogayya Sastry",Local Boy,https://i.scdn.co/image/ab67616d0000b2732ad1d0796e4db053cb17c2ab,,https://open.spotify.com/track/0yMdhWfcw3jrONEznclZzn,239545,0.9,0.8,120.0,0.5,0.5,0,1
1SJOGijQV7cRrfLstfZHzE,"Swing Zara (From ""Jai Lava Kusa"")","Neha Bhasin, Devi Sri Prasad, Ramajogayya Sastry","Swing Zara (From ""Jai Lava Kusa"")",https://i.scdn.co/image/ab67616d0000b273b7c93115c9078237084a5544,,https://open.spotify.com/track/1SJOGijQV7cRrfLstfZHzE,261387,0.9,0.8,120.0,0.5,0.5,0,1
1gWwGCKyJBwLhYySFJhBS1,Why This Kolaveri Di? - The Soup of Love,"Anirudh Ravichander, Dhanush",3 (Original Motion Picture Soundtrack),https://i.scdn.co/image/ab67616d0000b27340d3b59b2f1478395b4e3857,,https://open.spotify.com/track/1gWwGCKyJBwLhYySFJhBS1,260066,0.9,0.8,120.0,0.5,0.5,0,1
7i0Fee6bIqMcj4VyO4gnPN,Rowdy Baby,"Yuvan Shankar Raja, Dhanush, M.M.Manasi",Maari 2 (Telugu) (Original Motion Picture Soundtrack),https://i.scdn.co/image/ab67616d0000b273c6cd24ee49cb4703d7162ae0,,https://open.spotify.com/track/7i0Fee6bIqMcj4VyO4gnPN,281503,0.9,0.8,120.0,0.5,0.5,0,1
1vMxXImRI5yzXxeoHSCX13,Aaluma Doluma,"Anirudh Ravichander, Badshah",Aavesam (Original Motion Picture Soundtrack),https://i.scdn.co/image/ab67616d0000b273a6d0201d863b3cd27ab2b0fa,,https://open.spotify.com/track/1vMxXImRI5yzXxeoHSCX13,258119,0.9,0.8,120.0,0.5,0.5,0,1
7KiM3AFZmkWTAd5h9gybzn,Shokilla,"Aditya Rao, ADK, Sri Raskol, Rakendu Mouli",Saahasam Swaasaga Saagipo,https://i.scdn.co/image/ab67616d0000b273100ee873e5d9966a9db6c7c6,,https://open.spotify.com/track/7KiM3AFZmkWTAd5h9gybzn,280920,0.9,0.8,120.0,0.5,0.5,0,1
6cfPBKrEwfRp3qEKrTGblb,Girl Friend,Anurag Kulkarni,MLA,https://i.scdn.co/image/ab67616d0000b2737b74507df280ff535a663ce5,,https://open.spotify.com/track/6cfPBKrEwfRp3qEKrTGblb,226827,0.9,0.8,120.0,0.5,0.5,0,1
1aVGNlx8y38bXlhJOjwlZx,Cheliya Cheliya,"Anirudh Ravichander,Ranjith",Nenu Rowdy Ne (Original Motion Picture Soundtrack),https://i.scdn.co/image/ab67616d0000b27306525f00f17a6cce366787ad,,https://open.spotify.com/track/1aVGNlx8y38bXlhJOjwlZx,267672,0.5,0.5,120.0,0.5,0.5,0,1
0sxts2Gxh8EznNxxVkQJ9g,Power Of Youth,"Thaman S, Nakash Aziz",Yuvarathnaa (Telugu) (Original Motion Picture Soundtrack),https://i.scdn.co/image/ab67616d0000b273da174df5611071a40c7af334,,https://open.spotify.com/track/0sxts2Gxh8EznNxxVkQJ9g,297623,0.9,0.8,120.0,0.5,0.5,0,1
6Yqw4HtJuFXleJtgzYXWzT,Endhuko Emo,"Aalaap Raju, Prasanthini",Rangam,https://i.scdn.co/image/ab67616d0000b273dc3f0e7ab81ade4bd20ab217,,https://open.spotify.com/track/6Yqw4HtJuFXleJtgzYXWzT,330505,0.9,0.8,120.0,0.5,0.5,0,1
42LMjL86cep0L8QA1q0doE,Voice Of Unity,"Yuvan Shankar Raja, Silambarasan TR, Arivu",Maanaadu (Original Motion Picture Soundtrack),https://i.scdn.co/image/ab67616d0000b273fe1d00065cc4268457dff6a1,,https://open.spotify.com/track/42LMjL86cep0L8QA1q0doE,238400,0.9,0.8,120.0,0.5,0.5,0,1
4vzovq6z9bZt5Z0UVxCXzX,Once Upon A Time Lo,"Dr, Arun Gopan",Ninnu Kori,https://i.scdn.co/image/ab67616d0000b273c7b0f3a9be8c0ba8a356907a,,https://open.spotify.com/track/4vzovq6z9bZt5Z0UVxCXzX,213019,0.2,0.9,120.0,0.5,0.5,0,1
6C6M6rRRxrjR1vd5YeEqBn,Dingiri Dingale,"Dulquer Salmaan, Kakkodan Sulaiman",Kurup - Malayalam,https://i.scdn.co/image/ab67616d0000b273c788909fa5b3185869b8dd86,,https://open.spotify.com/track/6C6M6rRRxrjR1vd5YeEqBn,180564,0.9,0.8,120.0,0.5,0.5,0,1
2hNnUkbdgEJXUOsBCyZ2XJ,Pillaa Raa,Anurag Kulkarni,RX 100,https://i.scdn.co/image/ab67616d0000b273b554229439a61f88614c88cc,,https://open.spotify.com/track/2hNnUkbdgEJXUOsBCyZ2XJ,237584,0.9,0.8,120.0,0.5,0.5,0,1
6LLHeicvR8Nz40zazdsJ1t,Adiga Adiga,Sid Sriram,Ninnu Kori,https://i.scdn.co/image/ab67616d0000b273c7b0f3a9be8c0ba8a356907a,,https://open.spotify.com/track/6LLHeicvR8Nz40zazdsJ1t,212255,0.9,0.8,120.0,0.5,0.5,0,1
0VFWGbcDfPMFjXxjZJ9vgd,"Mother Song (From ""Valimai"")","Yuvan Shankar Raja, Sid Sriram, Vignesh Shivan","Mother Song (From ""Valimai"")",https://i.scdn.co/image/ab67616d0000b273dee883a758d820794af1c3d7,,https://open.spotify.com/track/0VFWGbcDfPMFjXxjZJ9vgd,241846,0.9,0.8,120.0,0.5,0.5,0,1
4PML5RtrVcYAwTTS46otXB,Vaathi Raid,"Anirudh Ravichander, Arivu",Master (Original Motion Picture Soundtrack),https://i.scdn.co/image/ab67616d0000b2734d7fd4382c21dcbf3fb36774,,https://open.spotify.com/track/4PML5RtrVcYAwTTS46otXB,209500,0.9,0.8,120.0,0.5,0.5,0,1
1Y52sB6Em2sYT8lXqoEXvh,Amma Amma,"S. Janaki, Deepu",Raghuvaran B Tech,https://i.scdn.co/image/ab67616d0000b273889be788e1712acc28eb1df4,,https://open.spotify.com/track/1Y52sB6Em2sYT8lXqoEXvh,304894,0.9,0.8,120.0,0.5,0.5,0,1
1AisYkksS1odFefyvJSpP5,Bang Bang Bang,"Yuvan Shankar Raja, Ranjith Govind",Sikindar (Original Motion Picture Soundtrack),https://i.scdn.co/image/ab67616d0000b273af5dbf6dd1c8b99503fc35e0,,https://open.spotify.com/track/1AisYkksS1odFefyvJSpP5,252959,0.9,0.8,120.0,0.5,0.5,0,1
1C2gJaINSao4GEXySYopiS,Violin Song,"David Simon, Anitha",Idharammayilatho,https://i.scdn.co/image/ab67616d0000b273a20aa340e07cef068abdf127,,https://open.spotify.com/track/1C2gJaINSao4GEXySYopiS,263729,0.9,0.8,120.0,0.5,0.5,0,1
7DzzEsRMTI1pALwg4yzGPr,,,,,,https://open.spotify.com/track/7DzzEsRMTI1pALwg4yzGPr,0,0.5,0.5,120.0,0.5,0.5,0,1
7e6J0HgooHYVi4SwdOB2OM,"Eyy Bidda Idhi Naa Adda (From ""Pushpa - The Rise"")(Telugu)","Devi Sri Prasad, Nakash Aziz, Chandra Bose","Eyy Bidda Idhi Naa Adda (From ""Pushpa - The Rise"")(Telugu)",https://i.scdn.co/image/ab67616d0000b27301925b76487513f036aaace0,,https://open.spotify.com/track/7e6J0HgooHYVi4SwdOB2OM,236057,0.9,0.8,120.0,0.5,0.5,0,1
48pyUxg9RYuwie5M9R7qRn,Sooraj Dooba Hain,"Amaal Mallik, Arijit Singh, Aditi Singh Sharma, Kumaar",Roy,https://i.scdn.co/image/ab67616d0000b273f6371011af4c82fb31d54820,,https://open.spotify.com/track/48pyUxg9RYuwie5M9R7qRn,264854,0.9,0.8,120.0,0.5,0.5,0,1
25MhInNqqP46Wcv4lzWGXA,Balega Tagilavey Bangaram,Anirudh Ravichander,Krack,https://i.scdn.co/image/ab67616d0000b273e9810b9ca9902c2039534f1e,,https://open.spotify.com/track/25MhInNqqP46Wcv4lzWGXA,223693,0.9,0.8,120.0,0.5,0.5,0,1
2bageubuN1HjNZwTNlyh0v,Naaloney Pongaynu,"Harris Jayaraj, VV Prassanna, Harish Raghavendra, Devan Ekambaram, Veturi",Surya S/o Krishnan (Original Motion Picture Soundtrack),https://i.scdn.co/image/ab67616d0000b273cd3ced79bda3d8679bad225d,,https://open.spotify.com/track/2bageubuN1HjNZwTNlyh0v,372600,0.9,0.8,120.0,0.5,0.5,0,1
78PoXHAbXHvOx0HMaa1a8z,I Wanna Fly,"L. V. Revanth, Sanjith Hegde, Hiphop Tamizha, Sreejo",Krishnarjuna Yudham,https://i.scdn.co/image/ab67616d0000b2730c8d20db8a2e23bb51caf42f,,https://open.spotify.com/track/78PoXHAbXHvOx0HMaa1a8z,238538,0.9,0.8,120.0,0.5,0.5,0,1
2QyY8HORL7B2lz2YAJ7a0f,Ela Ela,"Yazin Nizar, Hiphop Tamizha, Srimani",Krishnarjuna Yudham,https://i.scdn.co/image/ab67616d0000b2730c8d20db8a2e23bb51caf42f,,https://open.spotify.com/track/2QyY8HORL7B2lz2YAJ7a0f,226974,0.9,0.8,120.0,0.5,0.5,0,1
1Rw0Qt5vESmeQAt5SIgJxC,Urime Manase,"Raghu Dixit, Hiphop Tamizha, Sreejo",Krishnarjuna Yudham,https://i.scdn.co/image/ab67616d0000b2730c8d20db8a2e23bb51caf42f,,https://open.spotify.com/track/1Rw0Qt5vESmeQAt5SIgJxC,277918,0.9,0.8,120.0,0.5,0.5,0,1
0NwXTIOMMJUEdnlvDhr7e2,Friendship Anthem,"Leon James, Anirudh Ravichander, M.M.Manasi",Oh My Kadavule (Original Motion Picture Soundtrack),https://i.scdn.co/image/ab67616d0000b27306e87aca1474c94b126de398,,https://open.spotify.com/track/0NwXTIOMMJUEdnlvDhr7e2,232560,0.9,0.8,120.0,0.5,0.5,0,1
59bjBwDlZAIx6gyRjvKHsr,Rise of Shyam,"Anurag Kulkarni, Vishal Dadlani, Rap-Cizzy, Mickey J. Meyer",Rise of Shyam - Shyam Singha Roy - Telugu,https://i.scdn.co/image/ab67616d0000b273afb86f466b89fc72b90a977b,,https://open.spotify.com/track/59bjBwDlZAIx6gyRjvKHsr,233230,0.9,0.8,120.0,0.5,0.5,0,1
45U1a0tMVIN9mlXoW55RGg,Neekem Kaavaalo Cheppu,"Harris Jayaraj, Benny Dayal, Mahathi",Yentha Vaadu Gaanie (Original Motion Picture Soundtrack),https://i.scdn.co/image/ab67616d0000b27337a90352119728f6c93c1653,,https://open.spotify.com/track/45U1a0tMVIN9mlXoW55RGg,311053,0.9,0.8,120.0,0.5,0.5,0,1
4HdzYTQiouB9BVYX7JOrhh,"Jalabulajangu (From ""Don"")","Anirudh Ravichander, Rokesh","Jalabulajangu (From ""Don"")",https://i.scdn.co/image/ab67616d0000b27330afa358eddd8324236519e7,,https://open.spotify.com/track/4HdzYTQiouB9BVYX7JOrhh,202608,0.9,0.8,120.0,0.5,0.5,0,1
7wFL4hNlhotHNU6qZi9bHR,Ee Hridayam,"A.R. Rahman, Vijay Prakash, Suzanne D'Mello, Blaaze, Anantha Sriram",Yemaaya Chesave (Original Motion Picture Soundtrack),https://i.scdn.co/image/ab67616d0000b273bda3e5e799de28c2fd81fd02,,https://open.spotify.com/track/7wFL4hNlhotHNU6qZi9bHR,329320,0.9,0.8,120.0,0.5,0.5,0,1
2xofTipSxfwbxwSdBcjYIe,Kundanapu Bomma,"A.R. Rahman, Benny Dayal, Kalyani Menon",Yemaaya Chesave (Original Motion Picture Soundtrack),https://i.scdn.co/image/ab67616d0000b273bda3e5e799de28c2fd81fd02,,https://open.spotify.com/track/2xofTipSxfwbxwSdBcjYIe,332866,0.9,0.8,120.0,0.5,0.5,0,1
0cLpoYOicHXNFHeMqxXaCt,Pachchadanamey,"A.R. Rahman, Clinton, Hariharan, Veturi",Sakhi,https://i.scdn.co/image/ab67616d0000b273b7fa745265c5b47b2c878ed1,,https://open.spotify.com/track/0cLpoYOicHXNFHeMqxXaCt,357946,0.9,0.8,120.0,0.5,0.5,0,1
4gnuzZxXoaVvl1K6FAuLKL,"Chali Chaliga (From ""Mr. Perfect"")","Devi Sri Prasad, Shreya Ghoshal",Chali Chaliga... Shreya Ghoshal Tolly Hits,https://i.scdn.co/image/ab67616d0000b2735c827ce9b605c5d9657999b8,,https://open.spotify.com/track/4gnuzZxXoaVvl1K6FAuLKL,297130,0.9,0.8,120.0,0.5,0.5,0,1
3uEpN8gvEULB7MUNX9DQ18,Nenu Nuvvantu,"Naresh Iyer, Nadeesh, U.V.Jackey",Orange (Original Motion Picture Soundtrack),https://i.scdn.co/image/ab67616d0000b2731f6a47719b90925230dca989,,https://open.spotify.com/track/3uEpN8gvEULB7MUNX9DQ18,287823,0.9,0.8,120.0,0.5,0.5,0,1
1NXSmIEOulY9u4TxwuSUoe,Evare,Vijay Yesudas,Premam,https://i.scdn.co/image/ab67616d0000b27301eb2de52ac64143c18f65ad,,https://open.spotify.com/track/1NXSmIEOulY9u4TxwuSUoe,309662,0.9,0.8,120.0,0.5,0.5,0,1
0z5f81EcFBTFnsSxHtjGPN,Prema Swaramulalo,"Hriday Gattani, Chinmayi",24 (Telugu) (Original Motion Picture Soundtrack),https://i.scdn.co/image/ab67616d0000b273ec1d700e3ad6e87138b7ec03,,https://open.spotify.com/track/0z5f81EcFBTFnsSxHtjGPN,289266,0.5,0.5,120.0,0.5,0.5,0,1
0k0isUYnsgYBKjJQykg3uN,Cheppave Chirugali,"Udit Narayan, Sujatha",Okkadu,https://i.scdn.co/image/ab67616d0000b2739a970db964e92c719e35b3f5,,https://open.spotify.com/track/0k0isUYnsgYBKjJQykg3uN,330935,0.9,0.8,120.0,0.5,0.5,0,1
5XJBYtJWgfwk18RTamYnCZ,Andamaina Premarani,"S. P. Balasubrahmanyam, Udit Narayan, S.P. Pallavi",Premikudu,https://i.scdn.co/image/ab67616d0000b273b6d6a7e87b65dc50c67f1847,,https://open.spotify.com/track/5XJBYtJWgfwk18RTamYnCZ,290194,0.9,0.8,120.0,0.5,0.5,0,1
0h5wFi2R8a9ReSIDbXzZgy,Samajavaragamana,Sid Sriram,Ala Vaikunthapurramuloo,https://i.scdn.co/image/ab67616d0000b27390618753bda4d5caf67b5cf4,,https://open.spotify.com/track/0h5wFi2R8a9ReSIDbXzZgy,219818,0.9,0.8,120.0,0.5,0.5,0,1
0nUqmLja5dpfk2mdTpss9t,Ala Vaikunthapurramuloo,"Sri Krishna, Priya Sisters",Ala Vaikunthapurramuloo,https://i.scdn.co/image/ab67616d0000b27390618753bda4d5caf67b5cf4,,https://open.spotify.com/track/0nUqmLja5dpfk2mdTpss9t,193874,0.9,0.8,120.0,0.5,0.5,0,1
1gT9sc5997gi82JBxoUTYp,Buttabomma,Armaan Malik,Ala Vaikunthapurramuloo,https://i.scdn.co/image/ab67616d0000b27390618753bda4d5caf67b5cf4,,https://open.spotify.com/track/1gT9sc5997gi82JBxoUTYp,198782,0.9,0.8,120.0,0.5,0.5,0,1
2ff6J6Wvb2N8LeTEAuwEIN,Koode (Feat. Nazriya Nazim),"Raghu Dixit, Anne Amie, Nakul Abhyankar",Koode,https://i.scdn.co/image/ab67616d0000b2734b7ec1826a0aff0a0954bcab,,https://open.spotify.com/track/2ff6J6Wvb2N8LeTEAuwEIN,228000,0.9,0.8,120.0,0.5,0.5,0,1
6VJPFl2Jf1tnGhwaTgv04v,Paranne,"Raghu Dixit, Benny Dayal",Koode,https://i.scdn.co/image/ab67616d0000b2734b7ec1826a0aff0a0954bcab,,https://open.spotify.com/track/6VJPFl2Jf1tnGhwaTgv04v,258088,0.9,0.8,120.0,0.5,0.5,0,1
2h9kdoLQVD3a4XFrOePsAd,Maangalyam,"Gopi Sundar, Vijay Yesudas, Sachin Warrier, Divya S Menon",Bangalore Days,https://i.scdn.co/image/ab67616d0000b2735fc89c2777ac178e4b2b30c0,,https://open.spotify.com/track/2h9kdoLQVD3a4XFrOePsAd,234135,0.9,0.8,120.0,0.5,0.5,0,1
2Nt4dVdc1dgUluBRt3RMon,,,,,,https://open.spotify.com/track/2Nt4dVdc1dgUluBRt3RMon,0,0.5,0.5,120.0,0.5,0.5,0,1
6rji5mwjuHRuhozNhn8DG8,,,,,,https://open.spotify.com/track/6rji5mwjuHRuhozNhn8DG8,0,0.5,0.5,120.0,0.5,0.5,0,1
0TFcAbxhJaWhtQct1y5ce9,Eppudu,Karthik,Oopiri,https://i.scdn.co/image/ab67616d0000b273c13ddb7d3862adb2c465f342,,https://open.spotify.com/track/0TFcAbxhJaWhtQct1y5ce9,285100,0.9,0.8,120.0,0.5,0.5,0,1
43v5aoGhprIFt6YRfi4sX4,Vaanaville,"M. Jayachandran, Karthik",Koode,https://i.scdn.co/image/ab67616d0000b2734b7ec1826a0aff0a0954bcab,,https://open.spotify.com/track/43v5aoGhprIFt6YRfi4sX4,281526,0.9,0.8,120.0,0.5,0.5,0,1
7kAOXNerQgGDgfxBZDMwfS,Vaaram,Nakash Aziz,Chal Mohan Ranga,https://i.scdn.co/image/ab67616d0000b27349f30a3e89692aa128896e3b,,https://open.spotify.com/track/7kAOXNerQgGDgfxBZDMwfS,238597,0.9,0.8,120.0,0.5,0.5,0,1
5hXrcXSKfcDVcjCPfgrW8F,Neeli Rangu Cheeralona,Hariharan,Govindudu Andarivaadele,https://i.scdn.co/image/ab67616d0000b273addd61eda6aaa28f1617fa79,,https://open.spotify.com/track/5hXrcXSKfcDVcjCPfgrW8F,286000,0.9,0.8,120.0,0.5,0.5,0,1
0WdbnNKO0Jt4BZACSDQh44,"Ghungroo (From ""War"")","Vishal-Shekhar, Arijit Singh, Shilpa Rao, Kumaar","Ghungroo (From ""War"")",https://i.scdn.co/image/ab67616d0000b273281650a8e8c5d04658d31ac1,,https://open.spotify.com/track/0WdbnNKO0Jt4BZACSDQh44,302935,0.9,0.8,120.0,0.5,0.5,0,1
5O932cZmzOZGOGZz9RHx20,Khairiyat,"Pritam, Arijit Singh",Chhichhore,https://i.scdn.co/image/ab67616d0000b273eaa6b4bfb5954ee5a5a8ce9e,,https://open.spotify.com/track/5O932cZmzOZGOGZz9RHx20,280281,0.9,0.8,120.0,0.5,0.5,0,1
56zZ48jdyY2oDXHVnwg5Di,Tum Hi Ho,"Mithoon, Arijit Singh",Aashiqui 2,https://i.scdn.co/image/ab67616d0000b2736404721c1943d5069f0805f3,,https://open.spotify.com/track/56zZ48jdyY2oDXHVnwg5Di,261974,0.9,0.8,120.0,0.5,0.5,0,1
6UgcN95w7vQxkR8sEFmwHG,Chahun Main Ya Naa,"Palak Muchhal, Arijit Singh",Aashiqui 2,https://i.scdn.co/image/ab67616d0000b2736404721c1943d5069f0805f3,,https://open.spotify.com/track/6UgcN95w7vQxkR8sEFmwHG,304899,0.9,0.8,120.0,0.5,0.5,0,1
3hkC9EHFZNQPXrtl8WPHnX,Agar Tum Saath Ho,"Alka Yagnik, Arijit Singh",Tamasha,https://i.scdn.co/image/ab67616d0000b273da50894e074ecd5ce61de0a1,,https://open.spotify.com/track/3hkC9EHFZNQPXrtl8WPHnX,341054,0.9,0.8,120.0,0.5,0.5,0,1
2bBTGiJuHht3Sv72kcVLqQ,Chota Sa Fasana,Arijit Singh,Karwaan,https://i.scdn.co/image/ab67616d0000b273f07f0455c6cc38f14105acfb,,https://open.spotify.com/track/2bBTGiJuHht3Sv72kcVLqQ,244076,0.9,0.8,120.0,0.5,0.5,0,1
2s9eDxjlkRg2mVQ5OHRUGK,Legend,M.L.R. Karthikeyan,Legend,https://i.scdn.co/image/ab67616d0000b27310e3b20afd98b9a0261043b3,,https://open.spotify.com/track/2s9eDxjlkRg2mVQ5OHRUGK,180689,0.9,0.8,120.0,0.5,0.5,0,1
26BQG2wg3gALaSgzWxL4m8,Aamchi Mumbai,"Ranjith Govind, Rahul, Naveen Madhav, Aalaap Raju",Businessman,https://i.scdn.co/image/ab67616d0000b273ae38bb569156cab3fc510052,,https://open.spotify.com/track/26BQG2wg3gALaSgzWxL4m8,157949,0.9,0.8,120.0,0.5,0.5,0,1
7CDtNYmYLreTJB3NCQOOz6,Businessman Theme,"Mahesh Babu, Puri Jagannath, Chours",Businessman,https://i.scdn.co/image/ab67616d0000b273ae38bb569156cab3fc510052,,https://open.spotify.com/track/7CDtNYmYLreTJB3NCQOOz6,167240,0.9,0.8,120.0,0.5,0.5,0,1
2TfbJQSJ3liGVEyNKk4SnV,,,,,,https://open.spotify.com/track/2TfbJQSJ3liGVEyNKk4SnV,0,0.5,0.5,120.0,0.5,0.5,0,1
3AqiOvi0fx0LsYlqPswUf8,Aanandam Madike,"Sid Sriram, Satya Yamini",Ishq - Not A Love Story,https://i.scdn.co/image/ab67616d0000b2730fe19fb308362fa263c0b5b2,,https://open.spotify.com/track/3AqiOvi0fx0LsYlqPswUf8,218406,0.5,0.5,120.0,0.5,0.5,0,1
6k3XXCE1ZzwevQlxf8dNaw,Love You Zindagi,"Amit Trivedi, Jasleen Royal, Kausar Munir",Dear Zindagi (Original Motion Picture Soundtrack),https://i.scdn.co/image/ab67616d0000b273fcf31503544ab70a339ea2fe,,https://open.spotify.com/track/6k3XXCE1ZzwevQlxf8dNaw,232496,0.9,0.8,120.0,0.5,0.5,0,1
7DE0I3buHcns00C0YEsYsY,Filhall,"B Praak, Akshay Kumar, Nupur Sanon",Filhall,https://i.scdn.co/image/ab67616d0000b2735c8aaa76db3df1cf7b5610f5,,https://open.spotify.com/track/7DE0I3buHcns00C0YEsYsY,255000,0.9,0.8,120.0,0.5,0.5,0,1
6Lr8AoM0PqR9J509VBdNJP,Chudandi Saaru,Hemachandra Vedala,Raghuvaran B Tech,https://i.scdn.co/image/ab67616d0000b273889be788e1712acc28eb1df4,,https://open.spotify.com/track/6Lr8AoM0PqR9J509VBdNJP,119807,0.9,0.8,120.0,0.5,0.5,0,1
6TZEl5bAbJ0zqXKkS2nwxN,Nippulanti Nirudyogi,L. V. Revanth,Raghuvaran B Tech,https://i.scdn.co/image/ab67616d0000b273889be788e1712acc28eb1df4,,https://open.spotify.com/track/6TZEl5bAbJ0zqXKkS2nwxN,240996,0.9,0.8,120.0,0.5,0.5,0,1
1YA5XoTcKyrpQ6cW6XsAfB,,,,,,https://open.spotify.com/track/1YA5XoTcKyrpQ6cW6XsAfB,0,0.5,0.5,120.0,0.5,0.5,0,1
1PdCi4idPz5FPXvVCggNj1,Accha Telugandhame,"Sid Sriram, Anudeep Dev, Namitha Babu",Hero,https://i.scdn.co/image/ab67616d0000b2731b45e6c5be46121c2a1cac4d,,https://open.spotify.com/track/1PdCi4idPz5FPXvVCggNj1,296893,0.9,0.8,120.0,0.5,0.5,0,1
2ZYlEZw6djSdukfmthIulc,"Vaada Thambi (From ""Etharkkum Thunindhavan"")","G. V. Prakash, Anirudh Ravichander, D. Imman","Vaada Thambi (From ""Etharkkum Thunindhavan"")",https://i.scdn.co/image/ab67616d0000b27356a6d5268a9ba8ef3535c49c,,https://open.spotify.com/track/2ZYlEZw6djSdukfmthIulc,259090,0.9,0.8,120.0,0.5,0.5,0,1
0sjg2rWD3IcQK07HOBw5Dq,"Summa Surrunu (From ""Etharkkum Thunindhavan"")","Armaan Malik, Nikhita Gandhi, D. Imman","Summa Surrunu (From ""Etharkkum Thunindhavan"")",https://i.scdn.co/image/ab67616d0000b2737e33c661b769d4c85b66bb54,,https://open.spotify.com/track/0sjg2rWD3IcQK07HOBw5Dq,226584,0.9,0.8,120.0,0.5,0.5,0,1
6P0egohqqi7nCAQ6YOYDoq,Ism,"Puri Jagannadh, Anurag Kulkarni, Chorus",ISM,https://i.scdn.co/image/ab67616d0000b273e8890d644e4ad890b2581bc9,,https://open.spotify.com/track/6P0egohqqi7nCAQ6YOYDoq,153170,0.5,0.5,120.0,0.5,0.5,0,1
2WNkeWfXnpCbYtTG1ko0C3,Sirivennela,"Mickey J. Meyer, Anurag Kulkarni",Shyam Singha Roy - Telugu,https://i.scdn.co/image/ab67616d0000b27325b9d98d87e3e91003c5a015,,https://open.spotify.com/track/2WNkeWfXnpCbYtTG1ko0C3,253595,0.9,0.8,120.0,0.5,0.5,0,1
2JnZ5Q6YjESfLil5hg7WUT,Raavana,"Divya Kumar, Devi Sri Prasad, Chandra Bose",Jai Lava Kusa,https://i.scdn.co/image/ab67616d0000b273bb3f3f5d5e61c280c5a5f9ca,,https://open.spotify.com/track/2JnZ5Q6YjESfLil5hg7WUT,258122,0.9,0.8,120.0,0.5,0.5,0,1
1TbAX8IybA1SCy4z4rNTpn,Nee Kallalona,"Hemachandra Vedala, Devi Sri Prasad, Chandra Bose",Jai Lava Kusa,https://i.scdn.co/image/ab67616d0000b273bb3f3f5d5e61c280c5a5f9ca,,https://open.spotify.com/track/1TbAX8IybA1SCy4z4rNTpn,235403,0.9,0.8,120.0,0.5,0.5,0,1
4ymPEyiXabTe1NO8q8EFxG,"Chogada (From ""Loveyatri"")","Darshan Raval, Asees Kaur, Lijo George-Dj Chetas","Chogada (From ""Loveyatri"")",https://i.scdn.co/image/ab67616d0000b2732e15fbd6a10bc9d5994e3abf,,https://open.spotify.com/track/4ymPEyiXabTe1NO8q8EFxG,249741,0.9,0.8,120.0,0.5,0.5,0,1
6Qop9ctedVziPi5P7ttKYv,Rooba Rooba,"Shahil Hada, Chinmayi",Orange (Original Motion Picture Soundtrack),https://i.scdn.co/image/ab67616d0000b2731f6a47719b90925230dca989,,https://open.spotify.com/track/6Qop9ctedVziPi5P7ttKYv,314373,0.9,0.8,120.0,0.5,0.5,0,1
19PSLhUUNhuzGgpL0KliHH,Oka Maru,Karthik,Ghajini (Original Motion Picture Soundtrack),https://i.scdn.co/image/ab67616d0000b2732605b1b171969854e0e61b15,,https://open.spotify.com/track/19PSLhUUNhuzGgpL0KliHH,352344,0.9,0.8,120.0,0.5,0.5,0,1
1QorxtrlAZx7i6t0m3Myy5,Ola Olaala Ala,"Karunya, Ranina Reddy",Orange (Original Motion Picture Soundtrack),https://i.scdn.co/image/ab67616d0000b2731f6a47719b90925230dca989,,https://open.spotify.com/track/1QorxtrlAZx7i6t0m3Myy5,334688,0.9,0.8,120.0,0.5,0.5,0,1
05dYneZZZ2mytSmnsvzFoW,Gangu Leader,"Anirudh Ravichander, Anantha Sriram",Gang Leader (Original Motion Picture Soundtrack),https://i.scdn.co/image/ab67616d0000b27300f99b341fd422763ff87533,,https://open.spotify.com/track/05dYneZZZ2mytSmnsvzFoW,198834,0.9,0.8,120.0,0.5,0.5,0,1
5ouWiqJMTafavTori4HePx,Hrudayam Ekkadunnadi,"Harris Raghavendra, Bombay Jayashri",Ghajini,https://i.scdn.co/image/ab67616d0000b273d186d348dfec469771dd2e8e,,https://open.spotify.com/track/5ouWiqJMTafavTori4HePx,315396,0.9,0.8,120.0,0.5,0.5,0,1
4ZNIkO2j6K2c0Nm8zWXmdn,Tillu Anna DJ Pedithe,Ram Miriyala,DJ Tillu,https://i.scdn.co/image/ab67616d0000b273d4f893fa639b6ae966557a89,,https://open.spotify.com/track/4ZNIkO2j6K2c0Nm8zWXmdn,183500,0.9,0.8,120.0,0.5,0.5,0,1
43J2crZ8lW1HtoInqVvoGH,So So Ga,"Anup Rubens, Sid Sriram",Manchi Rojulochaie,https://i.scdn.co/image/ab67616d0000b273bd5e169b497654aab623d21e,,https://open.spotify.com/track/43J2crZ8lW1HtoInqVvoGH,207202,0.9,0.8,120.0,0.5,0.5,0,1
6DFXFqK5PTGqTzTbdj47uV,Leharaayi,Sid Sriram,Most Eligible Bachelor,https://i.scdn.co/image/ab67616d0000b273fa62d9aa0b4e20d3ff05a3cb,,https://open.spotify.com/track/6DFXFqK5PTGqTzTbdj47uV,245093,0.9,0.8,120.0,0.5,0.5,0,1
2Va6TzJJ7hKVjV4n2uB3ne,Mental Madhilo,"A.R. Rahman, K. Krishna Chaitanya, Jonita Gandhi",OK Bangaram (Original Motion Picture Soundtrack),https://i.scdn.co/image/ab67616d0000b273fa7c94dc1c4f95c7b1ac5db8,,https://open.spotify.com/track/2Va6TzJJ7hKVjV4n2uB3ne,205769,0.9,0.8,120.0,0.5,0.5,0,1
0lEusrloXMHmh6d5J3ljXV,Raara Aatagaada,"A.R. Rahman, Aaryan Dinesh Kanagaratnam, Darshana K.T., Shashaa Tirupati",OK Bangaram (Original Motion Picture Soundtrack),https://i.scdn.co/image/ab67616d0000b273fa7c94dc1c4f95c7b1ac5db8,,https://open.spotify.com/track/0lEusrloXMHmh6d5J3ljXV,336692,0.9,0.8,120.0,0.5,0.5,0,1
5dG3KI5rIUwiUQNNr3Y1to,Nuvvunte Naa Jathagaa,"A.R. Rahman, Sid Sriram, Issrath Quadhri, Ramajogayya Sastry",I - Manoharudu (Original Motion Picture Soundtrack),https://i.scdn.co/image/ab67616d0000b2730464c009e3101f7aae0df2bc,,https://open.spotify.com/track/5dG3KI5rIUwiUQNNr3Y1to,350613,0.9,0.8,120.0,0.5,0.5,0,1
2TCfkbqlIJbDpuy98asnoV,,,,,,https://open.spotify.com/track/2TCfkbqlIJbDpuy98asnoV,0,0.5,0.5,120.0,0.5,0.5,0,1
5Y5c5bJK0O7KJDDAYKkppH,Lag Ja Gale Se Phir,Lata Mangeshkar,Woh Kaun Thi,https://i.scdn.co/image/ab67616d0000b273fa15d4d0cdda455df45c413d,,https://open.spotify.com/track/5Y5c5bJK0O7KJDDAYKkppH,257613,0.9,0.8,120.0,0.5,0.5,0,1
2O0gfUalCw8AM1KE3Tru2e,O Sayonara,"Sooraj Santhosh, M.M.Manasi",No 1 Nenokkadine,https://i.scdn.co/image/ab67616d0000b273a95977873b41f539527ae892,,https://open.spotify.com/track/2O0gfUalCw8AM1KE3Tru2e,283447,0.9,0.8,120.0,0.5,0.5,0,1
7tXaDnRF8OVbcecl0KurVn,Padi Padi Leche,"Armaan Malik, Sinduri Vishal, Vishal Chandrashekhar, Krishna Kanth",Padi Padi Leche Manasu,https://i.scdn.co/image/ab67616d0000b27338f7a12499053307c1b6e6bd,,https://open.spotify.com/track/7tXaDnRF8OVbcecl0KurVn,203777,0.9,0.8,120.0,0.5,0.5,0,1
5MhsZlmKJG6X5kTHkdwC4B,I'm an Albatraoz,"AronChupa, Little Sis Nora",I'm an Albatraoz,https://i.scdn.co/image/ab67616d0000b2734676cbf99a56d53dc494abfb,,https://open.spotify.com/track/5MhsZlmKJG6X5kTHkdwC4B,166848,0.5,0.5,120.0,0.5,0.5,0,1
3Ff59gd5bOAQaaxMMEutkq,OMG Pilla,"Sid Sriram, Jonita Gandhi",Sarkar (Telugu) [Original Motion Picture Soundtrack],https://i.scdn.co/image/ab67616d0000b27314bcf04b45fbbdb28539bd57,,https://open.spotify.com/track/3Ff59gd5bOAQaaxMMEutkq,282592,0.9,0.8,120.0,0.5,0.5,0,1
6C8JJFoGC4dkVtAHVK3iif,"Two Two Two (From ""Kaathuvaakula Rendu Kaadhal"")","Anirudh Ravichander, Sunidhi Chauhan, Sanjana Kalmanje, Vignesh Shivan","Two Two Two (From ""Kaathuvaakula Rendu Kaadhal"")",https://i.scdn.co/image/ab67616d0000b273b882198cd1791a0b06852c45,,https://open.spotify.com/track/6C8JJFoGC4dkVtAHVK3iif,176345,0.9,0.8,120.0,0.5,0.5,0,1
69EoR3Z8jgRODL3AmQs5ZP,India Waale,"Vishal-Shekhar, Neeti Mohan, Vishal Dadlani, KK, Shankar Mahadevan, Irshad Kamil",Happy New Year,https://i.scdn.co/image/ab67616d0000b273295f7adceff63a32bbcf95f2,,https://open.spotify.com/track/69EoR3Z8jgRODL3AmQs5ZP,237714,0.9,0.8,120.0,0.5,0.5,0,1
7IB3xAln8RJubIIM8v10NX,Dub Police Step,Arunraja Kamaraj,Policeodu (Original Motion Picture Soundtrack),https://i.scdn.co/image/ab67616d0000b2735421d15389d53cb8bc307e24,,https://open.spotify.com/track/7IB3xAln8RJubIIM8v10NX,118677,0.9,0.8,120.0,0.5,0.5,0,1
0BdEvG4wGCCCO0WTRDbblt,Vijay Kumar,G. V. Prakash,Theri (Original Background Score),https://i.scdn.co/image/ab67616d0000b273fc268722fcebb418e803b1d5,,https://open.spotify.com/track/0BdEvG4wGCCCO0WTRDbblt,26000,0.9,0.8,120.0,0.5,0.5,0,1
0hNPo5brQ2MLlrdVKZfHK9,Kalaavathi,"Thaman S, Sid Sriram",Kalaavathi - Sarkaru Vaari Paata,https://i.scdn.co/image/ab67616d0000b273628c64b83f6ff72b9f472699,,https://open.spotify.com/track/0hNPo5brQ2MLlrdVKZfHK9,242322,0.9,0.8,120.0,0.5,0.5,0,1
6yvxu91deFKt3X1QoV6qMv,"Arabic Kuthu - Halamithi Habibo (From ""Beast"")","Anirudh Ravichander, Jonita Gandhi","Arabic Kuthu - Halamithi Habibo (From ""Beast"")",https://i.scdn.co/image/ab67616d0000b273b6b3b7f26f0bc0e0197163a0,,https://open.spotify.com/track/6yvxu91deFKt3X1QoV6qMv,279677,0.9,0.8,120.0,0.5,0.5,0,1
744yUAEVpztdjgQY3bqAz0,"Ninne Thalachi Thalachi (From ""Mysskin's Psycho"")","Ilaiyaraaja, Yazin Nizar","Ninne Thalachi Thalachi (From ""Mysskin's Psycho"")",https://i.scdn.co/image/ab67616d0000b2733b832740f0e529bbcabc92fb,,https://open.spotify.com/track/744yUAEVpztdjgQY3bqAz0,244241,0.9,0.8,120.0,0.5,0.5,0,1
6TJaNYjLByBD61h0DrOm63,Maatallo Cheppaleni,Karthik,Abbayitho Ammayi,https://i.scdn.co/image/ab67616d0000b27321e10a315c919e8f6c7595dd,,https://open.spotify.com/track/6TJaNYjLByBD61h0DrOm63,256336,0.9,0.8,120.0,0.5,0.5,0,1
0dMYOSZpHBuZ2bDsMplNoi,Koti Koti,"Ilaiyaraaja, Karthik",Yeto Vellipoyindhi Manasu (Original Motion Picture Soundtrack),https://i.scdn.co/image/ab67616d0000b2733b320c0d59c58c8449a66e36,,https://open.spotify.com/track/0dMYOSZpHBuZ2bDsMplNoi,333240,0.9,0.8,120.0,0.5,0.5,0,1
1AnlzzKGGicsanEObquYz8,Evaro Nenevaro,"Karthik, Priya Hemesh",Brothers,https://i.scdn.co/image/ab67616d0000b273a3fe55e7274aceebe3a20b47,,https://open.spotify.com/track/1AnlzzKGGicsanEObquYz8,331386,0.9,0.8,120.0,0.5,0.5,0,1
7xRb2y0Kh4HVztdxDn3qJ0,Oka Life,Karthik,Oopiri,https://i.scdn.co/image/ab67616d0000b273c13ddb7d3862adb2c465f342,,https://open.spotify.com/track/7xRb2y0Kh4HVztdxDn3qJ0,284107,0.9,0.8,120.0,0.5,0.5,0,1
50RcuWjfUcoJfWMNegXF0b,"Ee Raathale (From ""Radhe Shyam"")","Yuvan Shankar Raja, Harini Ivaturi, Justin Prabhakaran","Ee Raathale (From ""Radhe Shyam"")",https://i.scdn.co/image/ab67616d0000b273c01ce9d6f7b155854393fa29,,https://open.spotify.com/track/50RcuWjfUcoJfWMNegXF0b,232762,0.9,0.8,120.0,0.5,0.5,0,1
7I6mwEFQwpTu5ciVZWFpd4,"Aashiqui Aa Gayi(From ""Radhe Shyam"")","Mithoon, Arijit Singh","Aashiqui Aa Gayi (From ""Radhe Shyam"")",https://i.scdn.co/image/ab67616d0000b2737adb02431bdc9627595deb10,,https://open.spotify.com/track/7I6mwEFQwpTu5ciVZWFpd4,260133,0.9,0.8,120.0,0.5,0.5,0,1
,[iSongs.info] 01 - Hyderabad to Vizag,"Khailash Kher, Vishnu Priya, Maria Roe Vincent",Maga Maharaju - (2015),,,,262000,0.5,0.5,120.0,0.5,0.5,0,1
,[iSongs.info] 02 - Free'ga Move Avudaam,Hip Hop Tamizha,Maga Maharaju - (2015),,,,235000,0.5,0.5,120.0,0.5,0.5,0,1
,[iSongs.info] 04 - Aye Aye Aye,Hip Hop Tamizha,Maga Maharaju - (2015),,,,198000,0.5,0.5,120.0,0.5,0.5,0,1
00KXNatS7yb38Qsamk9E1l,Kannayya - Father's Love,Haricharan,Tik Tik Tik (Telugu) [Original Motion Picture Soundtrack],https://i.scdn.co/image/ab67616d0000b273477ba8194ca589ffdfd3aafb,,https://open.spotify.com/track/00KXNatS7yb38Qsamk9E1l,267587,0.9,0.8,120.0,0.5,0.5,0,1
47BZ5zznG2jzc2hjsEbvxH,,,,,,https://open.spotify.com/track/47BZ5zznG2jzc2hjsEbvxH,0,0.5,0.5,120.0,0.5,0.5,0,1
2Zd6ywvjQHXWuUJLT2KRBW,Saturday Night Fever,"Narendra Doddapaneni, Maneesha",Gentleman,https://i.scdn.co/image/ab67616d0000b273254e32c590d522c48501f116,,https://open.spotify.com/track/2Zd6ywvjQHXWuUJLT2KRBW,251386,0.9,0.8,120.0,0.5,0.5,0,1
0IcvZFX9TEDR4nmeNE0gNX,Paathira Kaalam,"Tribemama Marykali, Sushin Shyam",Kurup - Malayalam,https://i.scdn.co/image/ab67616d0000b273c788909fa5b3185869b8dd86,,https://open.spotify.com/track/0IcvZFX9TEDR4nmeNE0gNX,229041,0.9,0.8,120.0,0.5,0.5,0,1
48l3sXvVJdMJGHEoGUARpn,Nuvvante Naaku,Anup Rubens,Heart Attack,https://i.scdn.co/image/ab67616d0000b2734d437c135253aa2a07dbf49e,,https://open.spotify.com/track/48l3sXvVJdMJGHEoGUARpn,225018,0.9,0.8,120.0,0.5,0.5,0,1
48QmG1dfvMuYLxMPt7KSRA,No Lie,"Sean Paul, Dua Lipa",Mad Love The Prequel,https://i.scdn.co/image/ab67616d0000b2732d564195ed3dd7b70d64862c,,https://open.spotify.com/track/48QmG1dfvMuYLxMPt7KSRA,221176,0.9,0.8,120.0,0.5,0.5,0,1
6aUstpsARWZwKY7x2wKvtI,Naakka Mukka,"Vijay Antony, Chorus",Kadhalil Vizhundhen,https://i.scdn.co/image/ab67616d0000b273a6aa244dc7a4785cbd19b40a,,https://open.spotify.com/track/6aUstpsARWZwKY7x2wKvtI,303464,0.9,0.8,120.0,0.5,0.5,0,1
4w8niZpiMy6qz1mntFA5uM,"Taki Taki (with Selena Gomez, Ozuna & Cardi B)","DJ Snake, Selena Gomez, Ozuna, Cardi B","Taki Taki (with Selena Gomez, Ozuna & Cardi B)",https://i.scdn.co/image/ab67616d0000b273e105c410a7b390c61a58cbf8,,https://open.spotify.com/track/4w8niZpiMy6qz1mntFA5uM,212500,0.5,0.5,120.0,0.5,0.5,0,1
0pqnGHJpmpxLKifKRmU6WP,Believer,Imagine Dragons,Evolve,https://i.scdn.co/image/ab67616d0000b2735675e83f707f1d7271e5cf8a,,https://open.spotify.com/track/0pqnGHJpmpxLKifKRmU6WP,204346,0.5,0.5,120.0,0.5,0.5,0,1
6habFhsOp2NvshLv26DqMb,Despacito,"Luis Fonsi, Daddy Yankee",VIDA,https://i.scdn.co/image/ab67616d0000b273ef0d4234e1a645740f77d59c,,https://open.spotify.com/track/6habFhsOp2NvshLv26DqMb,229360,0.5,0.5,120.0,0.5,0.5,0,1
6jUscicoyUljrPOdQCfhnd,Undiporaadhey,Sid Sriram,Hushaaru,https://i.scdn.co/image/ab67616d0000b27362337a69b7cf4d14b02d50d8,,https://open.spotify.com/track/6jUscicoyUljrPOdQCfhnd,173932,0.9,0.8,120.0,0.5,0.5,0,1
2tMoOS9grHtn4upzb4LwMG,"Adiye - From ""Bachelor""","Dhibu Ninan Thomas, Kapil Kapilan","Adiye (From ""Bachelor"")",https://i.scdn.co/image/ab67616d0000b27399e9e5a108d4a457de95e016,,https://open.spotify.com/track/2tMoOS9grHtn4upzb4LwMG,272000,0.9,0.8,120.0,0.5,0.5,0,1
2SXkA1uSFB7LQZurocn6ZE,ET Theme,"Mc Rude, D. Imman",ET (Original Background Score),https://i.scdn.co/image/ab67616d0000b2737939cdced1d4cb9810f7927e,,https://open.spotify.com/track/2SXkA1uSFB7LQZurocn6ZE,122256,0.9,0.8,120.0,0.5,0.5,0,1
61FbZVhVw3mdPfcfWE74XO,Mediocre Life (Feat. Pre-holiday),"Hwang Sang Jun, Pre-holiday",My Name (Original Soundtrack from The Netflix Series),https://i.scdn.co/image/ab67616d0000b27369d79fc99080f7d6dc5d70d8,,https://open.spotify.com/track/61FbZVhVw3mdPfcfWE74XO,172677,0.5,0.5,120.0,0.5,0.5,0,1
7r7PL7TxcixHculcGtnEC9,"My Name (Feat. Swervy, JEMINN)","Hwang Sang Jun, Swervy, JEMINN",My Name (Original Soundtrack from The Netflix Series),https://i.scdn.co/image/ab67616d0000b27369d79fc99080f7d6dc5d70d8,,https://open.spotify.com/track/7r7PL7TxcixHculcGtnEC9,256084,0.5,0.5,120.0,0.5,0.5,0,1
28VbwtsYnj85UEODGpQRem,"Alone, Pt. II","Alan Walker, Ava Max",World Of Walker,https://i.scdn.co/image/ab67616d0000b273a08cca5c1eb3d1e813d44915,,https://open.spotify.com/track/28VbwtsYnj85UEODGpQRem,179052,0.5,0.5,120.0,0.5,0.5,0,1
39LLxExYz6ewLAcYrzQQyP,Levitating,Dua Lipa,Future Nostalgia,https://i.scdn.co/image/ab67616d0000b2734bc66095f8a70bc4e6593f4f,,https://open.spotify.com/track/39LLxExYz6ewLAcYrzQQyP,203807,0.9,0.8,120.0,0.5,0.5,0,1
4NOhTiu9LTRZXGfZmwJWLc,Paatashaala,"Thaman S, Vishal Mishra",Yuvarathnaa (Telugu) (Original Motion Picture Soundtrack),https://i.scdn.co/image/ab67616d0000b273da174df5611071a40c7af334,,https://open.spotify.com/track/4NOhTiu9LTRZXGfZmwJWLc,321773,0.9,0.8,120.0,0.5,0.5,0,1
7uo3wgB8We99kdcJpKDiq9,Ninnele,"Anurag Kulkarni, Shreya Ghoshal",Radhe Shyam,https://i.scdn.co/image/ab67616d0000b2731dea2aa9556b19a62d38eb1c,,https://open.spotify.com/track/7uo3wgB8We99kdcJpKDiq9,240070,0.9,0.8,120.0,0.5,0.5,0,1
57SyMlw05DK1ZD40T2tUHN,Full Kick,"Sagar, Mamta Sharma",Khiladi,https://i.scdn.co/image/ab67616d0000b273ee70945c6ebb3a3484f02e59,,https://open.spotify.com/track/57SyMlw05DK1ZD40T2tUHN,233237,0.9,0.8,120.0,0.5,0.5,0,1
3QsM6YG0DqtqQ3jPxTIFlW,Chali Gaali Chuudduu,"Haricharan, Padmalatha, Malavika (U.S)",Gentleman,https://i.scdn.co/image/ab67616d0000b273254e32c590d522c48501f116,,https://open.spotify.com/track/3QsM6YG0DqtqQ3jPxTIFlW,267571,0.9,0.8,120.0,0.5,0.5,0,1
3Z8mfS2fQweEvT9QW9FFGx,Gusa Gusa Lade,"Karthik, Pranavi",Gentleman,https://i.scdn.co/image/ab67616d0000b273254e32c590d522c48501f116,,https://open.spotify.com/track/3Z8mfS2fQweEvT9QW9FFGx,237474,0.9,0.8,120.0,0.5,0.5,0,1
7u27xtfhn53igDnxnO3OUp,Yevvarra Manaki Custody,"Santhosh Narayanan, Santhosh Hariharan",Mahaan (Telugu) [Original Motion Picture Soundtrack],https://i.scdn.co/image/ab67616d0000b27399864137e1f6fa46a6727d00,,https://open.spotify.com/track/7u27xtfhn53igDnxnO3OUp,212857,0.9,0.8,120.0,0.5,0.5,0,1
6lpbzOMBOYHRsp6WEMvRvn,"Jolly O Gymkhana (From ""Beast"")","Thalapathy Vijay, Anirudh Ravichander","Jolly O Gymkhana (From ""Beast"")",https://i.scdn.co/image/ab67616d0000b273047103c178da35d957131788,,https://open.spotify.com/track/6lpbzOMBOYHRsp6WEMvRvn,208064,0.9,0.8,120.0,0.5,0.5,0,1
0bT8EbQMVXuhMjsPwuPA1e,So Baby - Telugu,"Anirudh Ravichander, Saketh Komanduri, Ananthakrrishnan, Rajashri Sudhakar",Varun Doctor (Original Motion Picture Soundtrack),https://i.scdn.co/image/ab67616d0000b273a86cbb1cf7f9c9044f925c4a,,https://open.spotify.com/track/0bT8EbQMVXuhMjsPwuPA1e,252631,0.9,0.8,120.0,0.5,0.5,0,1
2J2Z1SkXYghSajLibnQHOa,Unstoppable,Sia,This Is Acting,https://i.scdn.co/image/ab67616d0000b273b9bea8700ca3c305eb9569a3,,https://open.spotify.com/track/2J2Z1SkXYghSajLibnQHOa,217746,0.5,0.5,120.0,0.5,0.5,0,1
43MaYmeXYuEH4mpuaGH0uC,Penny,"Thaman S, Nakash Aziz",Penny - Sarkaru Vaari Paata,https://i.scdn.co/image/ab67616d0000b2736e0af83d9d73c6175f7fecf3,,https://open.spotify.com/track/43MaYmeXYuEH4mpuaGH0uC,279690,0.9,0.8,120.0,0.5,0.5,0,1
560zqyR4wOAuNlsgqe3PcN,"Toofan (From ""Kgf Chapter 2"")","Sri Krishna, Prudhvi Chandra, Arun Kaundinya, Saicharan Bhaskaruni, Santhosh Venky, Mohan Krishna, Sachin Basrur, Ravi Basrur, Puneeth Rudranag, Harini Ivaturi, Ramajogayya Sastry","Toofan (From ""Kgf Chapter 2"")",https://i.scdn.co/image/ab67616d0000b2733b415a3f6a3dccf5e0770bc1,,https://open.spotify.com/track/560zqyR4wOAuNlsgqe3PcN,214144,0.9,0.8,120.0,0.5,0.5,0,1
5bnTU5C3r5Jq1Cg8xnfQvu,"Salaam Soldier (From ""James - Telugu"")","Charanraj MR, Shenbhagaraj","Salaam Soldier (From ""James - Telugu"")",https://i.scdn.co/image/ab67616d0000b273e9df9c2cb83657d733956e88,,https://open.spotify.com/track/5bnTU5C3r5Jq1Cg8xnfQvu,196318,0.9,0.8,120.0,0.5,0.5,0,1
65IE8cxZL9X8VMeckscgfA,"Trademark (From ""James - Telugu"")","Charanraj MR, MC Vickey, Aditi Sagar, Shenbagaraj, Sharmila, Yuva Rajkumar","Trademark (From ""James - Telugu"")",https://i.scdn.co/image/ab67616d0000b27313cbe4d10af1475cbd27e0dc,,https://open.spotify.com/track/65IE8cxZL9X8VMeckscgfA,239208,0.9,0.8,120.0,0.5,0.5,0,1
6Xh0x6IpcWLN22UAYWANhh,Feel The Power,"Thaman S, L. V. Revanth",Yuvarathnaa (Telugu) (Original Motion Picture Soundtrack),https://i.scdn.co/image/ab67616d0000b273da174df5611071a40c7af334,,https://open.spotify.com/track/6Xh0x6IpcWLN22UAYWANhh,243428,0.9,0.8,120.0,0.5,0.5,0,1
3FcSJZP9CwEc9XTTZ7cXvB,Maa Daddy Pockets,Siddharth,Oh My Friend,https://i.scdn.co/image/ab67616d0000b27311f3b05df29069f483981b7e,,https://open.spotify.com/track/3FcSJZP9CwEc9XTTZ7cXvB,246310,0.9,0.8,120.0,0.5,0.5,0,1
3KeMulXbLDJBQdY5PZbGEh,Param Sundari,"A.R. Rahman, Shreya Ghoshal",Mimi (Original Motion Picture Soundtrack),https://i.scdn.co/image/ab67616d0000b27322f2a067de39e01e402f23e3,,https://open.spotify.com/track/3KeMulXbLDJBQdY5PZbGEh,200218,0.9,0.8,120.0,0.5,0.5,0,1
4bD9z9qa4qg9BhryvYWB7c,Kabira,"Pritam, Tochi Raina, Rekha Bhardwaj",Yeh Jawaani Hai Deewani,https://i.scdn.co/image/ab67616d0000b273707ea5b8023ac77d31756ed4,,https://open.spotify.com/track/4bD9z9qa4qg9BhryvYWB7c,223459,0.9,0.8,120.0,0.5,0.5,0,1
4eu27jAU2bbnyHUC3G75U8,Badtameez Dil,"Pritam, Benny Dayal, Shefali Alvares",Yeh Jawaani Hai Deewani,https://i.scdn.co/image/ab67616d0000b273707ea5b8023ac77d31756ed4,,https://open.spotify.com/track/4eu27jAU2bbnyHUC3G75U8,252760,0.9,0.8,120.0,0.5,0.5,0,1
18e3XXYCv4Tx8uUl1mP3CN,Balam Pichkari,"Pritam, Vishal Dadlani, Shalmali Kholgade",Yeh Jawaani Hai Deewani,https://i.scdn.co/image/ab67616d0000b273707ea5b8023ac77d31756ed4,,https://open.spotify.com/track/18e3XXYCv4Tx8uUl1mP3CN,288902,0.9,0.8,120.0,0.5,0.5,0,1
0y5EJMV1PE3YPDUWMN314E,Maya,Chowraasta,Maya,https://i.scdn.co/image/ab67616d0000b273212c276d370e7159885d23f9,,https://open.spotify.com/track/0y5EJMV1PE3YPDUWMN314E,282254,0.9,0.8,120.0,0.5,0.5,0,1
0fGDhYbjjn2tthSt2xMuuP,Atta Sudake,"Devi Sri Prasad, Sameera Bharadwaj",Khiladi,https://i.scdn.co/image/ab67616d0000b273ee70945c6ebb3a3484f02e59,,https://open.spotify.com/track/0fGDhYbjjn2tthSt2xMuuP,186692,0.9,0.8,120.0,0.5,0.5,0,1
1lrgvbZzsjatMee0Uk8o0P,Asha Pasham,Anurag Kulkarni,Care Of Kancharapalem,https://i.scdn.co/image/ab67616d0000b273dac8a52d689fb8b3ef7649f8,,https://open.spotify.com/track/1lrgvbZzsjatMee0Uk8o0P,260000,0.9,0.8,120.0,0.5,0.5,0,1
4BBwON1XG02S4cpYrV10u2,"Darshana - From ""Hridayam""","Hesham Abdul Wahab, Darshana Rajendran, Arun Alat","Darshana (From ""Hridayam"")",https://i.scdn.co/image/ab67616d0000b273438f187fe7b0c5d05ffc8dcb,,https://open.spotify.com/track/4BBwON1XG02S4cpYrV10u2,226000,0.9,0.8,120.0,0.5,0.5,0,1
3XwpSZtT3clAjJqVW0Cgoi,Arerey Manasa,"Sid Sriram, Kittu Vissapragada",Falaknuma Das (Original Motion Picture Soundtrack),https://i.scdn.co/image/ab67616d0000b273f8d0397a4ce83095a48afcc7,,https://open.spotify.com/track/3XwpSZtT3clAjJqVW0Cgoi,301500,0.9,0.8,120.0,0.5,0.5,0,1
2oAnroWVS6oMaZrYMvom3n,Bolo Bolo James,"Chandan Shetty, Shashank Sheshagiri, Vijeth Krishna, Impana Jayaraj",James (Original Motion Picture Soundtrack),https://i.scdn.co/image/ab67616d0000b2733d22423c0aaff3fb7a66026d,,https://open.spotify.com/track/2oAnroWVS6oMaZrYMvom3n,118425,0.9,0.8,120.0,0.5,0.5,0,1
0nefyuDlYJvlDaMxonfbkS,Chinnari Thalli,Satya Prakash,Viswasam,https://i.scdn.co/image/ab67616d0000b27312039aeca60d73f2d44a8b72,,https://open.spotify.com/track/0nefyuDlYJvlDaMxonfbkS,269113,0.5,0.5,120.0,0.5,0.5,0,1
5MnAi6ZF7cE8pAz7wYr9Ta,Dil Diyan Gallan,"Vishal-Shekhar, Atif Aslam, Irshad Kamil",Tiger Zinda Hai,https://i.scdn.co/image/ab67616d0000b273576521b1bf3ec2fd7fdfcbd5,,https://open.spotify.com/track/5MnAi6ZF7cE8pAz7wYr9Ta,260536,0.9,0.8,120.0,0.5,0.5,0,1
3W5mUOutRiMnsvFcsteX67,Roar Of RRR,"Blaaze, M. M. Keeravaani, Aditya Iyengar",Roar Of RRR,https://i.scdn.co/image/ab67616d0000b273cb23e1707677631b14578069,,https://open.spotify.com/track/3W5mUOutRiMnsvFcsteX67,111198,0.9,0.8,120.0,0.5,0.5,0,1
5Xm4pHOZjks21F81pIdAba,Mayakirriye,"Anivee, Anirudh Ravichander",Mayakirriye,https://i.scdn.co/image/ab67616d0000b2736a49333585aa6228e1193343,,https://open.spotify.com/track/5Xm4pHOZjks21F81pIdAba,189724,0.9,0.8,120.0,0.5,0.5,0,1
5OerghkmXwFdPVFxYjckHk,Peydhavi Chivarakey,Vijay Prakash,Petta (Telugu) [Original Motion Picture Soundtrack],https://i.scdn.co/image/ab67616d0000b273a53755af3937b3d3042e1ef1,,https://open.spotify.com/track/5OerghkmXwFdPVFxYjckHk,217000,0.9,0.8,120.0,0.5,0.5,0,1
3VPXV4eXrbqEAkrpVdwKVy,Aanati Devadasu,"Shalmali Kholgade, Sunny M.R.",Dohchay,https://i.scdn.co/image/ab67616d0000b2737ac6acce0c68605c026ae6b1,,https://open.spotify.com/track/3VPXV4eXrbqEAkrpVdwKVy,232808,0.9,0.8,120.0,0.5,0.5,0,1
64Ena9QL7OtEKo0OUdzgR9,He Is Mr. Mosagadu,Arijit Singh,Dohchay,https://i.scdn.co/image/ab67616d0000b2737ac6acce0c68605c026ae6b1,,https://open.spotify.com/track/64Ena9QL7OtEKo0OUdzgR9,194443,0.9,0.8,120.0,0.5,0.5,0,1
1kkK3fPUnrSjsXVLwLXKWD,Dohchay,"Shalmali Kholgade, Sunny M.R.",Dohchay,https://i.scdn.co/image/ab67616d0000b2737ac6acce0c68605c026ae6b1,,https://open.spotify.com/track/1kkK3fPUnrSjsXVLwLXKWD,203094,0.9,0.8,120.0,0.5,0.5,0,1
1aQ58u4guUf999iQX3J2HF,"Beast Mode (From ""Beast"")",Anirudh Ravichander,"Beast Mode (From ""Beast"")",https://i.scdn.co/image/ab67616d0000b27384ca060264191c0e818a8e78,,https://open.spotify.com/track/1aQ58u4guUf999iQX3J2HF,220350,0.9,0.8,120.0,0.5,0.5,0,1
2gMCs610oOscxMr0U5m53W,Diri Diri (Oye Oye),"Sandeep Chowta, Kunal Ganjawala",Josh,https://i.scdn.co/image/ab67616d0000b2737d556180828c84f04e6b57a2,,https://open.spotify.com/track/2gMCs610oOscxMr0U5m53W,289173,0.9,0.8,120.0,0.5,0.5,0,1
1kYg9IZJ9QwrnHaJztmK5n,Emo Emo,Sid Sriram,Raahu (Original Motion Picture Soundtrack),https://i.scdn.co/image/ab67616d0000b273855f01d9b50ecc5863656691,,https://open.spotify.com/track/1kYg9IZJ9QwrnHaJztmK5n,242412,0.9,0.8,120.0,0.5,0.5,0,1
4fgJe7zBjVXvs8HxtE21Y9,,,,,,https://open.spotify.com/track/4fgJe7zBjVXvs8HxtE21Y9,0,0.5,0.5,120.0,0.5,0.5,0,1
3cGMTR0B5zA3zQsVJjddtQ,Love Me Thoda Aur,"Pritam, Arijit Singh, Irshad Kamil",Yaariyan,https://i.scdn.co/image/ab67616d0000b273a51f57ce4e92c152479caab7,,https://open.spotify.com/track/3cGMTR0B5zA3zQsVJjddtQ,265810,0.9,0.8,120.0,0.5,0.5,0,1
27N2ZxeOmlUbH67LWEwRvx,Yadagara Yadagara,"Suchetha Basrur, Ravi Basrur, Ramajogayya Sastry",Kgf Chapter 2 [TELUGU],https://i.scdn.co/image/ab67616d0000b273a5ec5ec3d5cc041e8f18ea0d,,https://open.spotify.com/track/27N2ZxeOmlUbH67LWEwRvx,171058,0.9,0.8,120.0,0.5,0.5,0,1
285HeuLxsngjFn4GGegGNm,"Hey Mama (feat. Nicki Minaj, Bebe Rexha & Afrojack)","David Guetta, AFROJACK, Bebe Rexha, Nicki Minaj",Listen,https://i.scdn.co/image/ab67616d0000b2733862d62a50dc6b928651bdeb,,https://open.spotify.com/track/285HeuLxsngjFn4GGegGNm,192560,0.8,1.0,120.0,0.5,0.5,0,1
0jBbwD4i4lZR6X2vJosRfQ,Challani Megham,Dinker kalvala,Agent Bairavaa,https://i.scdn.co/image/ab67616d0000b273410c1867a1ff082d2cbfa17a,,https://open.spotify.com/track/0jBbwD4i4lZR6X2vJosRfQ,282230,0.9,0.8,120.0,0.5,0.5,0,1
4ydNnBV9Jnb5YlXb11kFjD,Sarkaru Vaari Paata-Title Song,"Thaman S, Harika Narayan",Sarkaru Vaari Paata-Title Song - Sarkaru Vaari Paata,https://i.scdn.co/image/ab67616d0000b2733289833ddc4e451107a7a4f8,,https://open.spotify.com/track/4ydNnBV9Jnb5YlXb11kFjD,156079,0.9,0.8,120.0,0.5,0.5,0,1
5DwxooMQzVeY4HBkZwIKCQ,The Monster Song - Extended Version,"Ravi Basrur, Adithi Sagar","The Monster Song (From ""KGF Chapter 2 - Telugu"")",https://i.scdn.co/image/ab67616d0000b2736156d0ae852fb5193727725b,,https://open.spotify.com/track/5DwxooMQzVeY4HBkZwIKCQ,166145,0.9,0.8,120.0,0.5,0.5,0,1
6eYsOcDdB5b6rTO5ubMxeV,"Private Party (From ""Don"")","Anirudh Ravichander, Jonita Gandhi, Sivakarthikeyan","Private Party (From ""Don"")",https://i.scdn.co/image/ab67616d0000b2737a55a6c8a7b8889881ed0689,,https://open.spotify.com/track/6eYsOcDdB5b6rTO5ubMxeV,216774,0.9,0.8,120.0,0.5,0.5,0,1
4381FmKZc1uT2zzhBiknH7,"Adheeraa (From ""Cobra"")","A.R. Rahman, Vagu Mazan, Thoughtsfornow, Pa. Vijay","Adheeraa (From ""Cobra"")",https://i.scdn.co/image/ab67616d0000b2730c458c528b0d662fb5020e3b,,https://open.spotify.com/track/4381FmKZc1uT2zzhBiknH7,259139,0.9,0.8,120.0,0.5,0.5,0,1
0kmEIbbAujegNwYpR0Was0,"Beast Mode (From ""Beast"")","Anirudh Ravichander, Sreerama Chandra","Beast Mode (From ""Beast"")",https://i.scdn.co/image/ab67616d0000b27315616e4b7f5ab82295d61f38,,https://open.spotify.com/track/0kmEIbbAujegNwYpR0Was0,220350,0.9,0.8,120.0,0.5,0.5,0,1
19O4hCGGm95UhvIyhwnNT5,"Thooriga - From ""Navarasa""",Karthik,"Thooriga (From ""Navarasa"")",https://i.scdn.co/image/ab67616d0000b273801e07e01d372aa56a5a79da,,https://open.spotify.com/track/19O4hCGGm95UhvIyhwnNT5,202135,0.9,0.8,120.0,0.5,0.5,0,1
1XOCtdeIjy7eIIPsYFGXzZ,Mehabooba,"Ananya Bhat, Ravi Basrur, Ramajogayya Sastry",Kgf Chapter 2 [TELUGU],https://i.scdn.co/image/ab67616d0000b273a5ec5ec3d5cc041e8f18ea0d,,https://open.spotify.com/track/1XOCtdeIjy7eIIPsYFGXzZ,212131,0.9,0.8,120.0,0.5,0.5,0,1
7fa9MBXhVfQ8P8Df9OEbD8,Girls Like You (feat. Cardi B) - Cardi B Version,"Maroon 5, Cardi B",Red Pill Blues (Deluxe),https://i.scdn.co/image/ab67616d0000b273deae7d931928fc1543e70203,,https://open.spotify.com/track/7fa9MBXhVfQ8P8Df9OEbD8,235545,0.9,0.8,120.0,0.5,0.5,0,1
1SOClUWhOi8vHZYMz3GluK,Infinity,Jaymes Young,Feel Something,https://i.scdn.co/image/ab67616d0000b273a9897f65d1ead1be10a51e3f,,https://open.spotify.com/track/1SOClUWhOi8vHZYMz3GluK,237720,0.5,0.5,120.0,0.5,0.5,0,1
5WWplXimzIjlJiN2N7T9Q3,"Pathala Pathala (From ""Vikram"")","Anirudh Ravichander, Kamal Haasan","Pathala Pathala (From ""Vikram"")",https://i.scdn.co/image/ab67616d0000b2730fa46c0e77463a71a868179f,,https://open.spotify.com/track/5WWplXimzIjlJiN2N7T9Q3,211384,0.9,0.8,120.0,0.5,0.5,0,1
1FPhg4xpllC5P8lBDLMmfW,"Aathi (From ""Kaththi"")","Anirudh Ravichander, Vishal Dadlani",Kaththi (Original Motion Picture Soundtrack),https://i.scdn.co/image/ab67616d0000b273579e22994fe227c529e33b16,,https://open.spotify.com/track/1FPhg4xpllC5P8lBDLMmfW,304923,0.9,0.8,120.0,0.5,0.5,0,1
4wCy7erulqUfFQNVaZBD9b,Once Upon a Time,"Anirudh Ravichander, Heisenberg",Vikram (Original Motion Picture Soundtrack),https://i.scdn.co/image/ab67616d0000b27320cc440a9ebe2dc83a327a60,,https://open.spotify.com/track/4wCy7erulqUfFQNVaZBD9b,143709,0.9,0.8,120.0,0.5,0.5,0,1
6FQQiTpYnfc5803p84bQp1,Vikram - Title Track,"Anirudh Ravichander, Vishnu Edavan",Vikram (Original Motion Picture Soundtrack),https://i.scdn.co/image/ab67616d0000b27320cc440a9ebe2dc83a327a60,,https://open.spotify.com/track/6FQQiTpYnfc5803p84bQp1,218823,0.9,0.8,120.0,0.5,0.5,0,1
2dpMdklbSc5CmZ3ijhknZ5,Wasted,Anirudh Ravichander,Vikram (Original Motion Picture Soundtrack),https://i.scdn.co/image/ab67616d0000b27320cc440a9ebe2dc83a327a60,,https://open.spotify.com/track/2dpMdklbSc5CmZ3ijhknZ5,182608,0.9,0.8,120.0,0.5,0.5,0,1
0BFQi3erN3X4tT6ZrthC5d,Chal Chalo Chalo,"Raghu Dixit, Sooraj Santhosh, Rita Thyagarajan",Son Of Satyamurthy,https://i.scdn.co/image/ab67616d0000b27371cc7c112a85908f0192aa70,,https://open.spotify.com/track/0BFQi3erN3X4tT6ZrthC5d,308601,0.9,0.8,120.0,0.5,0.5,0,1
45xajAqfrDhxpIOV2dBkYp,Ori Vaari,Santhosh Narayanan,"Ori Vaari (From ""Dasara"") - Telugu",https://i.scdn.co/image/ab67616d0000b273f8339590174bd2b8c14cd00d,,https://open.spotify.com/track/45xajAqfrDhxpIOV2dBkYp,214500,0.9,0.8,120.0,0.5,0.5,0,1
2Ej4vdkwwBDyE6QfFWaXUF,Oh Priya Priya,"Adnan Sami, Nithya Menen",Ishq,https://i.scdn.co/image/ab67616d0000b2732d748ba3399f16d3475519f4,,https://open.spotify.com/track/2Ej4vdkwwBDyE6QfFWaXUF,260000,0.9,0.8,120.0,0.5,0.5,0,1
1IfhPnZpm0IZOoAM1PDjtw,Kholo Kholo,Raman Mahadevan,Taare Zameen Par,https://i.scdn.co/image/ab67616d0000b2730f431c71dd2ac4dafc0c828f,,https://open.spotify.com/track/1IfhPnZpm0IZOoAM1PDjtw,311985,0.5,0.5,120.0,0.5,0.5,0,1
2IxBxluF6ZLOh8AC6NhVLJ,Ragile Jwaale,B. Ajaneesh Loknath,Virupaksha (Original Motion Picture Soundtrack),https://i.scdn.co/image/ab67616d0000b27322485a33e1906b521a8cc8e1,,https://open.spotify.com/track/2IxBxluF6ZLOh8AC6NhVLJ,288554,0.9,0.8,120.0,0.5,0.5,0,1
53kbIT31SWdatSt58WTbWY,Jilla Theme,"S.P. Abhishek, Rakenku Mouli",Jilla (Original Motion Picture Soundtrack),https://i.scdn.co/image/ab67616d0000b273f43364973d101a8df8bc1075,,https://open.spotify.com/track/53kbIT31SWdatSt58WTbWY,183893,0.9,0.8,120.0,0.5,0.5,0,1
1B02UI29t3PTh3m98absaP,"Naa Ready (From ""Leo"")","Anirudh Ravichander, Vijay, Asal Kolaar, Vishnu Edavan","Naa Ready (From ""Leo"")",https://i.scdn.co/image/ab67616d0000b2739c73417bcfb143afa1b7e0bd,,https://open.spotify.com/track/1B02UI29t3PTh3m98absaP,248181,0.9,0.8,120.0,0.5,0.5,0,1
4wUOdPcYoqYZGM2wSdoLQu,Nee Yadalo Naaku,"Yuvan Shankar Raja, Sagar Desai, Vennelakanti",Awaara (Original Motion Picture Soundtrack),https://i.scdn.co/image/ab67616d0000b2735f591ef17387dc503f8749ca,,https://open.spotify.com/track/4wUOdPcYoqYZGM2wSdoLQu,292826,0.9,0.8,120.0,0.5,0.5,0,1
6O1VWYPfl85dDeKiaCJKza,Chiru Chiru,"Yuvan Shankar Raja, Haricharan, Sagar Desai, Chandra Bose",Awaara (Original Motion Picture Soundtrack),https://i.scdn.co/image/ab67616d0000b2735f591ef17387dc503f8749ca,,https://open.spotify.com/track/6O1VWYPfl85dDeKiaCJKza,284466,0.9,0.8,120.0,0.5,0.5,0,1
2cDyQDAoP0cPQXzaviXu2f,Vellake,"Bharatt-Saurabh, Yazin Nizar, Anirudh Ravichander, Suresh Banisetti",Vellake,https://i.scdn.co/image/ab67616d0000b2734f9afc3c2b184669e6c7b9ce,,https://open.spotify.com/track/2cDyQDAoP0cPQXzaviXu2f,217776,0.9,0.8,120.0,0.5,0.5,0,1
,Gangstaa - MassTamilan.dev,"Shabir Sulthan, Ghibran - MassTamilan.dev",Thunivu - MassTamilan.dev,,,,200000,0.5,0.5,120.0,0.5,0.5,0,1
,Chilla Chilla - MassTamilan.dev,"Anirudh Ravichander, Vaisagh, Ghibran - MassTamilan.dev",Thunivu - MassTamilan.dev,,,,218000,0.5,0.5,120.0,0.5,0.5,0,1
4KwsXvFDCoW7l1cfxhjTdD,"Aradhya (From ""Kushi"") (Telugu)","Hesham Abdul Wahab, Chinmayi","Aradhya (From ""Kushi"") (Telugu)",https://i.scdn.co/image/ab67616d0000b27390081b3870910e47194b4226,,https://open.spotify.com/track/4KwsXvFDCoW7l1cfxhjTdD,282222,0.9,0.8,120.0,0.5,0.5,0,1
4Yfd09CmceFFJJOi9TjaiM,Simham Theme,Devi Sri Prasad,Yamudu,https://i.scdn.co/image/ab67616d0000b273a33c8fc106087d93fd346010,,https://open.spotify.com/track/4Yfd09CmceFFJJOi9TjaiM,273453,0.9,0.8,120.0,0.5,0.5,0,1
5RJb4ZBgdJBOZe5Fx2aDWo,Ela Ela Naalo,"Haricharan, Swetha",Panjaa,https://i.scdn.co/image/ab67616d0000b273cea64c408a084f910414cda4,,https://open.spotify.com/track/5RJb4ZBgdJBOZe5Fx2aDWo,305925,0.9,0.8,120.0,0.5,0.5,0,1
73J7OQXec56LNmPBrhzBr7,James Theme,"Sanjith Hegde, Adithi Sagar, Charanraj MR",James (Original Motion Picture Soundtrack),https://i.scdn.co/image/ab67616d0000b2734fcd6c05d0c950a417ec402c,,https://open.spotify.com/track/73J7OQXec56LNmPBrhzBr7,87777,0.9,0.8,120.0,0.5,0.5,0,1
5OMUXgfXsSukZ0zxelpC3b,"Raanjhanaa (From ""Raanjhanaa"")","A.R. Rahman, Jaswinder Singh, Shiraz Uppal",Raanjhanaa (Original Motion Picture Soundtrack),https://i.scdn.co/image/ab67616d0000b2730c556f210b927ca230f32241,,https://open.spotify.com/track/5OMUXgfXsSukZ0zxelpC3b,254100,0.9,0.8,120.0,0.5,0.5,0,1
3pDbPKZHrpHAWcJVMsrNwA,"Hukum - Thalaivar Alappara - Tamil (From ""Jailer"")","Anirudh Ravichander, Super Subu","Hukum - Thalaivar Alappara - Tamil (From ""Jailer"")",https://i.scdn.co/image/ab67616d0000b273915c0a9491052bebed419720,,https://open.spotify.com/track/3pDbPKZHrpHAWcJVMsrNwA,207647,0.9,0.8,120.0,0.5,0.5,0,1
5IFyxY1LE0usdgETOC24QT,"Verrekkiddam (From ""Whistle"")","A.R. Rahman, L. V. Revanth","Verrekkiddam (From ""Whistle"")",https://i.scdn.co/image/ab67616d0000b27348f1410e92f6e9cf94fadf62,,https://open.spotify.com/track/5IFyxY1LE0usdgETOC24QT,245840,0.9,0.8,120.0,0.5,0.5,0,1
21P5jaFsehp0l7dAJeyV6s,Paalinchara Pilloda,"A.R. Rahman, Kailash Kher, Sathyaprakash, Deepak Blue, Pooja AV",Adirindhi (Original Motion Picture Soundtrack),https://i.scdn.co/image/ab67616d0000b27366659c7d88e0c16f020e6180,,https://open.spotify.com/track/21P5jaFsehp0l7dAJeyV6s,347262,0.9,0.8,120.0,0.5,0.5,0,1
48DNYDYStZkpX3AuBYJN3F,Puzhayarikathu Dumm,"Govind Vasantha, Milan V S",Jo And Jo,https://i.scdn.co/image/ab67616d0000b273a2952e7bc052319be434d31b,,https://open.spotify.com/track/48DNYDYStZkpX3AuBYJN3F,181156,0.9,0.8,120.0,0.5,0.5,0,1
5au0abCgZ9InphXxAYbXMw,Whatamma What Is This Amma,Devi Sri Prasad,Vunnadhi Okate Zindagi,https://i.scdn.co/image/ab67616d0000b273222693a71c63816b9164ee22,,https://open.spotify.com/track/5au0abCgZ9InphXxAYbXMw,228857,0.9,0.8,120.0,0.5,0.5,0,1
6z15tFRtCyiSorSGaKLJeu,Vellipomaake,"Sid Sriram, ADK",Saahasam Swaasaga Saagipo,https://i.scdn.co/image/ab67616d0000b273100ee873e5d9966a9db6c7c6,,https://open.spotify.com/track/6z15tFRtCyiSorSGaKLJeu,261368,0.9,0.8,120.0,0.5,0.5,0,1
7MtXu7mXRMdICKyTOb8CuR,Baitikochi Chuste,Anirudh Ravichander,Agnyaathavaasi,https://i.scdn.co/image/ab67616d0000b273592bca28d2623c60ed8ca2bc,,https://open.spotify.com/track/7MtXu7mXRMdICKyTOb8CuR,206666,0.9,0.8,120.0,0.5,0.5,0,1
1V4hx2szIylOh4rYoPrwlp,AB Yevaro Nee Baby,"Nakash Aziz, Arjun Chandy",Agnyaathavaasi,https://i.scdn.co/image/ab67616d0000b273592bca28d2623c60ed8ca2bc,,https://open.spotify.com/track/1V4hx2szIylOh4rYoPrwlp,209347,0.9,0.8,120.0,0.5,0.5,0,1
5opdK1D8yj53cVmOBIco2r,Gaana Gaana,"Bharath Sankar, Yazin Nizar","Gaana Gaana (From ""Mahaveerudu"")",https://i.scdn.co/image/ab67616d0000b273ec09cf3dd543b723a72b4768,,https://open.spotify.com/track/5opdK1D8yj53cVmOBIco2r,304670,0.9,0.8,120.0,0.5,0.5,0,1
6V7OktFcRJzXDj1s18WcYB,"Bangaarupetalona (From ""Mahaveerudu"")","Bharath Sankar, Aditi Shankar","Bangaarupetalona (From ""Mahaveerudu"")",https://i.scdn.co/image/ab67616d0000b2730df1a9d60168201d22b5cd8d,,https://open.spotify.com/track/6V7OktFcRJzXDj1s18WcYB,208099,0.9,0.8,120.0,0.5,0.5,0,1
5D5OD4WGAYWG2Wo9GXpG7d,Kaalam Kadhaladhe,"Darbuka Siva, Sathyaprakash",Kaalam Kadhaladhe (From 'Thoota' Original Motion Picture Soundtrack),https://i.scdn.co/image/ab67616d0000b27334ea34fde1a749082144c11c,,https://open.spotify.com/track/5D5OD4WGAYWG2Wo9GXpG7d,362825,0.9,0.8,120.0,0.5,0.5,0,1
1AzNN19lPYC68iacrbWL8X,"Mudhal Nee Mudivum Nee Title Track (From ""Mudhal Nee Mudivum Nee"")","Darbuka Siva, Sid Sriram, Thamarai","Mudhal Nee Mudivum Nee Title Track (From ""Mudhal Nee Mudivum Nee"")",https://i.scdn.co/image/ab67616d0000b27333379f602da8cd538102feae,,https://open.spotify.com/track/1AzNN19lPYC68iacrbWL8X,332702,0.9,0.8,120.0,0.5,0.5,0,1
,[iSongs.info] 01 - Anaganaganaga,Armaan Malik,Aravinda Sametha - (2018),,,,287000,0.5,0.5,120.0,0.5,0.5,0,1
,[iSongs.info] 02 - Peniviti,Kaala Bhairava,Aravinda Sametha - (2018),,,,310000,0.5,0.5,120.0,0.5,0.5,0,1
,Oh Isha (From Major - Telugu) [TubeRipper.com],,,,,,186000,0.5,0.5,120.0,0.5,0.5,0,1
5oM6SPppdOKxg3XCk9v71k,Vinnane Vinnane,"Armaan Malik, Devan Ekambaram",Tholi Prema,https://i.scdn.co/image/ab67616d0000b273dc3c4874fca4c0246bbbdb0e,,https://open.spotify.com/track/5oM6SPppdOKxg3XCk9v71k,245346,0.9,0.8,120.0,0.5,0.5,0,1
0LxHjm2O2itO66yEqW5Mmx,Ee Maya Peremito,Sid Sriram,Orey Bujjiga,https://i.scdn.co/image/ab67616d0000b273fa80bfc8b01c5ccaa8b11ea6,,https://open.spotify.com/track/0LxHjm2O2itO66yEqW5Mmx,256334,0.9,0.8,120.0,0.5,0.5,0,1
4tzx5af2qpwgyjG6JQGthj,"Zinda Banda (From ""Jawan"")","Anirudh Ravichander, Irshad Kamil","Zinda Banda (From ""Jawan"")",https://i.scdn.co/image/ab67616d0000b273ba6042c947642a3add33c36c,,https://open.spotify.com/track/4tzx5af2qpwgyjG6JQGthj,264000,0.9,0.8,120.0,0.5,0.5,0,1
7t2bn7EHAvTPKn7wNKLCoK,Guche Gulabi,Armaan Malik,Most Eligible Bachelor,https://i.scdn.co/image/ab67616d0000b2735cd2ba62bb49599725ab7c89,,https://open.spotify.com/track/7t2bn7EHAvTPKn7wNKLCoK,282476,0.9,0.8,120.0,0.5,0.5,0,1
1cU3MFMGUz4yYCLAz9ogMW,Aarambame,"Thaman S, Armaan Malik, Shreya Ghoshal",Yuvarathnaa (Telugu) (Original Motion Picture Soundtrack),https://i.scdn.co/image/ab67616d0000b27397d2186f90072a513cfa3e9e,,https://open.spotify.com/track/1cU3MFMGUz4yYCLAz9ogMW,252884,0.9,0.8,120.0,0.5,0.5,0,1
2kFaEZJM9coKfesI5LOaPJ,Neethoney Dance,Hiphop Tamizha Nikitha Gandhi,Dhruva,https://i.scdn.co/image/ab67616d0000b2735e7c72cef4b30f105591c650,,https://open.spotify.com/track/2kFaEZJM9coKfesI5LOaPJ,194829,0.5,0.5,120.0,0.5,0.5,0,1
0JwGSIPH2wzFVl6ZW1RQoW,Sweety,"Siddharth Mahadevan, Rabbit M C",Race Gurram,https://i.scdn.co/image/ab67616d0000b27389e4edcaba64f6ff95ad5ecd,,https://open.spotify.com/track/0JwGSIPH2wzFVl6ZW1RQoW,265283,0.5,0.5,120.0,0.5,0.5,0,1
7xP8kLTYHKM1EQ41tdjBhX,Bang Bang,Haricharan,Premam,https://i.scdn.co/image/ab67616d0000b27301eb2de52ac64143c18f65ad,,https://open.spotify.com/track/7xP8kLTYHKM1EQ41tdjBhX,224850,0.9,0.8,120.0,0.5,0.5,0,1
5Q73f9rT1rQqB090l2mbBv,,,,,,https://open.spotify.com/track/5Q73f9rT1rQqB090l2mbBv,0,0.5,0.5,120.0,0.5,0.5,0,1
2DDOQBKGmkv7bPoYF1bELz,Ninnila,"Armaan Malik, Thaman S",Tholi Prema,https://i.scdn.co/image/ab67616d0000b273dc3c4874fca4c0246bbbdb0e,,https://open.spotify.com/track/2DDOQBKGmkv7bPoYF1bELz,234883,0.9,0.8,120.0,0.5,0.5,0,1
3PzMzcX67A5W279V6nuydF,Andham Vadi Choopera,"Anirudh Ravichander, Inno Genga",Master (Telugu) [Original Motion Picture Soundtrack],https://i.scdn.co/image/ab67616d0000b2733631e7d761623a704ab3120a,,https://open.spotify.com/track/3PzMzcX67A5W279V6nuydF,194500,0.9,0.8,120.0,0.5,0.5,0,1
7o20g3bZRdwy6MtiUP9pOx,Oy..Oy..,"Siddharth, Prasanthini",Oye,https://i.scdn.co/image/ab67616d0000b27386b056bc077d21e07cb34ee5,,https://open.spotify.com/track/7o20g3bZRdwy6MtiUP9pOx,282426,0.9,0.8,120.0,0.5,0.5,0,1
2oP2ZjVmlBGDSXVjQuClVl,"Dhumme Dhulipelaa (From ""Jawan"")","Anirudh Ravichander, Chandra Bose","Dhumme Dhulipelaa (From ""Jawan"")",https://i.scdn.co/image/ab67616d0000b273d69991c289f9a7468f738254,,https://open.spotify.com/track/2oP2ZjVmlBGDSXVjQuClVl,252800,0.9,0.8,120.0,0.5,0.5,0,1
08aR9sL8GoaW1IdzHM6Z7n,Bujji,Santhosh Narayanan,Jagame Thandhiram (Telugu) [Original Motion Picture Soundtrack],https://i.scdn.co/image/ab67616d0000b2731de66ecf70185c4be73ea2ec,,https://open.spotify.com/track/08aR9sL8GoaW1IdzHM6Z7n,267203,0.9,0.8,120.0,0.5,0.5,0,1
1LODJINeH6uhofRsGWSG5E,"Nee Chuttu Chuttu (From ""Skanda"") (Telugu)","Thaman S, Sid Sriram, Sanjana Kalmanje","Nee Chuttu Chuttu (From ""Skanda"") (Telugu)",https://i.scdn.co/image/ab67616d0000b273e278265d01ac0df230bbef64,,https://open.spotify.com/track/1LODJINeH6uhofRsGWSG5E,249000,0.9,0.8,120.0,0.5,0.5,0,1
0Z3zGNsygprNlSMAX6vAvc,"Koppamga Koppamga - From ""Mr. Majnu""","Thaman S, Armaan Malik, Srimani",Mr. Majnu (Original Motion Picture Soundtrack),https://i.scdn.co/image/ab67616d0000b273d8da469114438f3e12dafac2,,https://open.spotify.com/track/0Z3zGNsygprNlSMAX6vAvc,274158,0.9,0.8,120.0,0.5,0.5,0,1
,Tu Meri,"Vishal-Shekhar,Vishal-Shekhar,Vishal-Shekhar,Vishal Dadlani",Bang Bang,,,,257000,0.5,0.5,120.0,0.5,0.5,0,1
1vYqh60HuF3p5CqZ7EAj7b,Google Google,"Hemachandra Vedala, Andrea Jeremiah",Thuppakki(Telugu),https://i.scdn.co/image/ab67616d0000b273238c81eec3045d914bc0a5ad,,https://open.spotify.com/track/1vYqh60HuF3p5CqZ7EAj7b,368569,0.9,0.8,120.0,0.5,0.5,0,1
3DZf3dLd5cM3eRQYbyqmS9,"Chalona (From ""Jawan"")","Anirudh Ravichander, Adithya RK, Priya Mali","Chalona (From ""Jawan"")",https://i.scdn.co/image/ab67616d0000b2731f09dcbfb0fc591ee00e373d,,https://open.spotify.com/track/3DZf3dLd5cM3eRQYbyqmS9,200135,0.9,0.8,120.0,0.5,0.5,0,1
0d3QyPpDRlxPXEZKIExSJ6,Yentha Vaadu Gaanie,"Harris Jayaraj, Devan Ekambaram, Mark Thomas, Abhishek",Yentha Vaadu Gaanie (Original Motion Picture Soundtrack),https://i.scdn.co/image/ab67616d0000b27337a90352119728f6c93c1653,,https://open.spotify.com/track/0d3QyPpDRlxPXEZKIExSJ6,346933,0.9,0.8,120.0,0.5,0.5,0,1
5OyKionXBQcdhdrPPkN0lE,Mabbulu Kammeley,"Harris Jayaraj, Karthik, Emcee Jesz",Yentha Vaadu Gaanie (Original Motion Picture Soundtrack),https://i.scdn.co/image/ab67616d0000b27337a90352119728f6c93c1653,,https://open.spotify.com/track/5OyKionXBQcdhdrPPkN0lE,342426,0.9,0.8,120.0,0.5,0.5,0,1
6D9uswrNghivGDSmeKFsIH,"Jailer Announcement Theme (From ""Jailer"")",Anirudh Ravichander,"Jailer Announcement Theme (From ""Jailer"")",https://i.scdn.co/image/ab67616d0000b27317b371c463eae2fde445d961,,https://open.spotify.com/track/6D9uswrNghivGDSmeKFsIH,60074,0.9,0.8,120.0,0.5,0.5,0,1
40UTendM9UUH7Byrkg7cY0,Yekku Tholi Mettu,Sriram,Narasimha,https://i.scdn.co/image/ab67616d0000b273ea90b0bbdefdccc987cd6982,,https://open.spotify.com/track/40UTendM9UUH7Byrkg7cY0,277554,0.5,0.5,120.0,0.5,0.5,0,1
,[iSongs.info] Nenu Autovanni,,Basha - (1995),,,,343000,0.5,0.5,120.0,0.5,0.5,0,1
,[iSongs.info] Basha Choodu,,Basha - (1995),,,,162000,0.5,0.5,120.0,0.5,0.5,0,1
1LFTKTSfPQRM3a8mOvNtnE,Ethir Neechal,"Anirudh Ravichander, Yo Yo Honey Singh, Hiphop Tamizha, Vaali",Ethir Neechal (Original Motion Picture Soundtrack),https://i.scdn.co/image/ab67616d0000b273a19cdda1305f8a0a0a59b4a0,,https://open.spotify.com/track/1LFTKTSfPQRM3a8mOvNtnE,270720,0.9,0.8,120.0,0.5,0.5,0,1
2YbVRqnjufKwomR6xSYGMJ,People of Kotha,"Jakes Bejoy, Travis King",King of Kotha (Telugu) [Original Motion Picture Soundtrack],https://i.scdn.co/image/ab67616d0000b273bc958af0845c313a6f08f553,,https://open.spotify.com/track/2YbVRqnjufKwomR6xSYGMJ,94000,0.9,0.8,120.0,0.5,0.5,0,1
538V6gFAnhcLZrg6I8lIMI,"Hungry Cheetah (From ""They Call Him OG"")","Thaman S, Raghu Ram","Hungry Cheetah (From ""They Call Him OG"")",https://i.scdn.co/image/ab67616d0000b27378178cf1c904a66f08d30b8c,,https://open.spotify.com/track/538V6gFAnhcLZrg6I8lIMI,119052,0.9,0.8,120.0,0.5,0.5,0,1
2ZlXVZ6jQO3c7Ec2nCGlhf,Kalapakkaara,"Jakes Bejoy, Shreya Ghoshal, Benny Dayal, Fejo, Joe Paul",King of Kotha (Original Motion Picture Soundtrack),https://i.scdn.co/image/ab67616d0000b273e9327fc674158d111093592c,,https://open.spotify.com/track/2ZlXVZ6jQO3c7Ec2nCGlhf,251999,0.9,0.8,120.0,0.5,0.5,0,1
1xVnOonFEaty4E7rYiNk0Y,Priyathama,Sid Sriram,Kotha Kothaga,https://i.scdn.co/image/ab67616d0000b27325a737d2d7f589a3322df34a,,https://open.spotify.com/track/1xVnOonFEaty4E7rYiNk0Y,221249,0.9,0.8,120.0,0.5,0.5,0,1
2dniyJc4DqR2xlElHKNH6M,Kanule Kanele,Anirudh Ravichander,David,https://i.scdn.co/image/ab67616d0000b2736f70add66e892dc7991df426,,https://open.spotify.com/track/2dniyJc4DqR2xlElHKNH6M,284566,0.9,0.8,120.0,0.5,0.5,0,1
1TqyMN6lp7WgZ0bdZypHFd,Perfect Ending,Vaibhav Bundhoo,ImMature : Season 1 (Music from the Original TV Series),https://i.scdn.co/image/ab67616d0000b273019c08675a3274ecc733599a,,https://open.spotify.com/track/1TqyMN6lp7WgZ0bdZypHFd,212571,0.5,0.5,120.0,0.5,0.5,0,1
0lZhDg6xVjHLwL5zYd6nkL,Jawan Title Track,"Anirudh Ravichander, Raja Kumari",Jawan,https://i.scdn.co/image/ab67616d0000b273e452a6e11147f3e56aee6f5b,,https://open.spotify.com/track/0lZhDg6xVjHLwL5zYd6nkL,188102,0.9,0.8,120.0,0.5,0.5,0,1
29Lsdm869Qk82RS5he08R4,Jawan Prevue Theme,"Anirudh Ravichander, Raja Kumari",Jawan Prevue Theme,https://i.scdn.co/image/ab67616d0000b27382e7ffe3df2a08450173991a,,https://open.spotify.com/track/29Lsdm869Qk82RS5he08R4,127215,0.9,0.8,120.0,0.5,0.5,0,1
,Jawan Maasi Theme (Audio) Shah Rukh Khan Nayanthara Atlee Anirudh Heisenberg [TubeRipper.com],,,,,,179000,0.5,0.5,120.0,0.5,0.5,0,1
6NwEpX2JUWHVKWfDDfcqC4,Idhazhin Oram - The Innocence of Love,"Anirudh Ravichander, Ajesh, Aishwarya R Dhanush",3 (Original Motion Picture Soundtrack),https://i.scdn.co/image/ab67616d0000b2730d66934f5370419636c78f18,,https://open.spotify.com/track/6NwEpX2JUWHVKWfDDfcqC4,204866,0.9,0.8,120.0,0.5,0.5,0,1
4fqnHukbktxx2OqL2rX6af,Pistah,"Rajesh Murugesan, Shabareesh Varma",Neram (Original Motion Picture Soundtrack),https://i.scdn.co/image/ab67616d0000b273f3df704a0a3866a54ccb4baa,,https://open.spotify.com/track/4fqnHukbktxx2OqL2rX6af,146933,0.9,0.8,120.0,0.5,0.5,0,1
3QRSs8nzHXXvcQjdnx0CsJ,Kudukku,"Shaan Rahman, Vineeth Sreenivasan, Manu Manjith",Love Action Drama,https://i.scdn.co/image/ab67616d0000b273d1752939a92151a21a38e6d5,,https://open.spotify.com/track/3QRSs8nzHXXvcQjdnx0CsJ,157609,0.9,0.8,120.0,0.5,0.5,0,1
1nVfKKeiNFWGjCerBuQgGD,"Maangalyam - From ""Bangalore Days""","Gopi Sundar, Vijay Yesudas, Sachin Warrier, Divya S Menon, Santhosh Varma",Bangalore Days,https://i.scdn.co/image/ab67616d0000b2739777ef2c141fca3e78d0b1ff,,https://open.spotify.com/track/1nVfKKeiNFWGjCerBuQgGD,232703,0.9,0.8,120.0,0.5,0.5,0,1
1qgb9TXSQqOHmVj5dBAtFX,Lingi Lingi Lingidi,"Midhun Mukundan, Relare Rela Raghu",Kotabommali P.S,https://i.scdn.co/image/ab67616d0000b273dd7ea25884f7fbbe8ae59a4b,,https://open.spotify.com/track/1qgb9TXSQqOHmVj5dBAtFX,229631,0.9,0.8,120.0,0.5,0.5,0,1
0cbIbniZF1FGevzRyn7HW7,Skanda Teaser Theme,Thaman S,Skanda Teaser Theme,https://i.scdn.co/image/ab67616d0000b2738927536b06deeaff9e574ca4,,https://open.spotify.com/track/0cbIbniZF1FGevzRyn7HW7,54334,0.9,0.8,120.0,0.5,0.5,0,1
32qnBgfzURbwNayQIEB5W5,"Badass (From ""Leo"")","Anirudh Ravichander, Vishnu Edavan","Badass (From ""Leo"")",https://i.scdn.co/image/ab67616d0000b2739e1ea01fabad76f477bcbbff,,https://open.spotify.com/track/32qnBgfzURbwNayQIEB5W5,229677,0.9,0.8,120.0,0.5,0.5,0,1
75YOTlPnJ6WzHIy0gru8U8,"O Nidhima (From ""Love Mocktail 2"")","Rakshita Suresh, Nakul Abhyankar","O Nidhima (From ""Love Mocktail 2"")",https://i.scdn.co/image/ab67616d0000b273472b9fb5257e32bec8fd9a1c,,https://open.spotify.com/track/75YOTlPnJ6WzHIy0gru8U8,223545,0.9,0.8,120.0,0.5,0.5,0,1
35vEPpSLp3MqAQG268ciue,Anthichoppil,"Bijibal, Yazin Nizar, Manu Manjith",Vikramadithyan,https://i.scdn.co/image/ab67616d0000b273682b969d739bfb451f692f3a,,https://open.spotify.com/track/35vEPpSLp3MqAQG268ciue,190119,0.9,0.8,120.0,0.5,0.5,0,1
5cnNOLWNZhnqM6IY8joHiu,Pogathey,Yuvan Shankar Raja,DADA (Original Motion Picture Soundtrack),https://i.scdn.co/image/ab67616d0000b2735c9c2ce5548bfef85614847b,,https://open.spotify.com/track/5cnNOLWNZhnqM6IY8joHiu,322666,0.9,0.8,120.0,0.5,0.5,0,1
36bYASwok7rBHAkrqiPdnu,Pavizha Mazha,"P S Jayhari, K. S. Harisankar",Athiran (Original Motion Picture Soundtrack),https://i.scdn.co/image/ab67616d0000b27398f93b54d337716f370fde19,,https://open.spotify.com/track/36bYASwok7rBHAkrqiPdnu,233190,0.9,0.8,120.0,0.5,0.5,0,1
7ptqhbxfFpVGOgbmRH3ieh,Namma Thamizh Folku,vaisagh,DADA (Original Motion Picture Soundtrack),https://i.scdn.co/image/ab67616d0000b2735c9c2ce5548bfef85614847b,,https://open.spotify.com/track/7ptqhbxfFpVGOgbmRH3ieh,273750,0.9,0.8,120.0,0.5,0.5,0,1
0ZbDTsncubNtohMjq1uc5f,Mass Raja,"Bheems Ceciroleo, Nakash Aziz","Mass Raja (From ""Dhamaka"")",https://i.scdn.co/image/ab67616d0000b273235dbbafdb958f700c29c09f,,https://open.spotify.com/track/0ZbDTsncubNtohMjq1uc5f,222400,0.9,0.8,120.0,0.5,0.5,0,1
,[iSongs.info] 06 - Sapta Sagaralu Dhaati Title Track,"Charan Raj, Purna Chary, Kapil Kapilan",Sapta Sagaralu Dhaati - (2023),,,,256000,0.5,0.5,120.0,0.5,0.5,0,1
4vX7VKZYx1wGAq5DKBTfAF,Mella Mellagaa,"Sid Sriram, Aditi Bhavaraju",ABCD - American Born Confused Desi (Original Motion Picture Soundtrack),https://i.scdn.co/image/ab67616d0000b273e18119db1babc8fb801573e7,,https://open.spotify.com/track/4vX7VKZYx1wGAq5DKBTfAF,243000,0.9,0.8,120.0,0.5,0.5,0,1
2c2dNWJodzG6aQMW0imtag,Toliprema,Kala Bhairava,Tholi Prema,https://i.scdn.co/image/ab67616d0000b273dc3c4874fca4c0246bbbdb0e,,https://open.spotify.com/track/2c2dNWJodzG6aQMW0imtag,243095,0.9,0.8,120.0,0.5,0.5,0,1
2GDGcLFc4mgmf3tOzziqXP,"Prema Oh Ayudham (From ""Leo (Telugu)"")","Anirudh Ravichander, J.V. Sudhanshu, Priya Mali","Prema Oh Ayudham [From ""Leo (Telugu)""]",https://i.scdn.co/image/ab67616d0000b2735a600e9f235511115e4e9950,,https://open.spotify.com/track/2GDGcLFc4mgmf3tOzziqXP,214330,0.9,0.8,120.0,0.5,0.5,0,1
,[iSongs.info] 01 - Adhento Gaani Vunnapaatuga,Anirudh Ravichander,Jersey - (2019),,,,237000,0.5,0.5,120.0,0.5,0.5,0,1
7ixhYiOAHab4LBD1vON9yZ,Don'u Don'u Don'u,"Anirudh Ravichander, Sooraj Santhosh, Srimathumitha",Maas (Original Motion Picture Soundtrack),https://i.scdn.co/image/ab67616d0000b273a2c854136e242b9b824f8cc8,,https://open.spotify.com/track/7ixhYiOAHab4LBD1vON9yZ,197249,0.9,0.8,120.0,0.5,0.5,0,1
7cpIx6HUfvfDAB4gM06qEg,"Roar Of Kesari (From ""Bhagavanth Kesari"")","Thaman S, Chorus","Roar Of Kesari (From ""Bhagavanth Kesari"")",https://i.scdn.co/image/ab67616d0000b2734540f330cd04eb36e761ba6f,,https://open.spotify.com/track/7cpIx6HUfvfDAB4gM06qEg,200236,0.9,0.8,120.0,0.5,0.5,0,1
,Roar of Kesari :: SenSongsMp3.Com,Maneesha Pandranki,Bhagavanth Kesari (2023),,,,199000,0.5,0.5,120.0,0.5,0.5,0,1
0GavMn9kjiQk1yI6118jEY,Megham Karukatha,"Dhanush, Anirudh Ravichander",Thiruchitrambalam (Original Motion Picture Soundtrack),https://i.scdn.co/image/ab67616d0000b2737f144613f44e000e266f0dbd,,https://open.spotify.com/track/0GavMn9kjiQk1yI6118jEY,290400,0.9,0.8,120.0,0.5,0.5,0,1
25T3o2LN7IV1mIXCt1FPbQ,"OGM (From ""Ghost"")","Aishwarya Rangarajan, MC Chetan, Jithin Raj","OGM (From ""Ghost"")",https://i.scdn.co/image/ab67616d0000b273211561d29f620815eef54e97,,https://open.spotify.com/track/25T3o2LN7IV1mIXCt1FPbQ,165323,0.9,0.8,120.0,0.5,0.5,0,1
1mSsXMpxahNWthXQ5krTYO,"Fanthem (From ""Ghost"")","Agastya Raag, Kalyan Manjunath, Yashraj Solomon, Karthik Sambhapur, Vinay K N, Sathwik Sathish","Fanthem (From ""Ghost"")",https://i.scdn.co/image/ab67616d0000b273bfdc612501cf9e5c516c1a89,,https://open.spotify.com/track/1mSsXMpxahNWthXQ5krTYO,155424,0.9,0.8,120.0,0.5,0.5,0,1
2PdMnbqa0XR8UvgPJbu6lO,"Second Ogm (From ""Ghost"")","Nishan Rai, Arjun Janya","Second Ogm (From ""Ghost"")",https://i.scdn.co/image/ab67616d0000b2731d882e070b760ea6569b7f7c,,https://open.spotify.com/track/2PdMnbqa0XR8UvgPJbu6lO,123240,0.9,0.8,120.0,0.5,0.5,0,1
7b1ZnYo1CjAquKJpX7J4vz,Ghost Big Daddy Bgm (KANNADA),Shivarajkumar,Ghost Big Daddy Bgm (KANNADA),https://i.scdn.co/image/ab67616d0000b273274e280c689282b387d73b5d,,https://open.spotify.com/track/7b1ZnYo1CjAquKJpX7J4vz,110074,0.9,0.8,120.0,0.5,0.5,0,1
5pkaQ5pS44JGsA8chmUQzk,Rayini Maatram,"Himesh Reshammiya, Hariharan",Dhasavathaaram (Telugu) (Original Motion Picture Soundtrack),https://i.scdn.co/image/ab67616d0000b2734e5ea08766b1c8b4249fe1e3,,https://open.spotify.com/track/5pkaQ5pS44JGsA8chmUQzk,330066,0.9,0.8,120.0,0.5,0.5,0,1
1HNig28114roVWfkCHk5oJ,"Neela Nilave (From ""RDX"")","Sam C.S., Kapil Kapilan","Neela Nilave (From ""RDX"")",https://i.scdn.co/image/ab67616d0000b2734a96e4d45ed6442b1003c904,,https://open.spotify.com/track/1HNig28114roVWfkCHk5oJ,253000,0.9,0.8,120.0,0.5,0.5,0,1
3yNhGgQMPOdqVFpjRu8k8x,"Dum Masala (From ""Guntur Kaaram"")(Telugu)","Thaman S, Sanjith Hegde, Saraswati Putra Ramajogayya Sastry","Dum Masala (From ""Guntur Kaaram"")(Telugu)",https://i.scdn.co/image/ab67616d0000b273ea0f6bed63e6b9bc47c8bc97,,https://open.spotify.com/track/3yNhGgQMPOdqVFpjRu8k8x,206830,0.9,0.8,120.0,0.5,0.5,0,1
25smBLzHN0DmzkVJlziQ38,Challaga,"G. V. Prakash, Rahul Nambiar, Megha, Clinton",Raja Rani (Original Motion Picture Soundtrack),https://i.scdn.co/image/ab67616d0000b273070f2a06a9f78420f852284a,,https://open.spotify.com/track/25smBLzHN0DmzkVJlziQ38,311666,0.9,0.8,120.0,0.5,0.5,0,1
4kVsV4GhcNpHSDs6siioM0,Ammayi,"Raghav Chaitanya, Anantha Sreeram, Pritam",ANIMAL (TELUGU),https://i.scdn.co/image/ab67616d0000b27334b868c8d485812aa5566043,,https://open.spotify.com/track/4kVsV4GhcNpHSDs6siioM0,275439,0.9,0.8,120.0,0.5,0.5,0,1
1JdQVlIp99DlZ1WvBlN7R2,"Sapta Sagaralu Dhaati - Side B Title Track (From ""Sapta Sagaralu Dhaati - Side B"")","Charanraj MR, Purna Chary, Karthik Chennoji Rao","Sapta Sagaralu Dhaati - Side B Title Track (From ""Sapta Sagaralu Dhaati - Side B"")",https://i.scdn.co/image/ab67616d0000b27364c33a1c44e4acc311582933,,https://open.spotify.com/track/1JdQVlIp99DlZ1WvBlN7R2,245926,0.9,0.8,120.0,0.5,0.5,0,1
0hujsbFzpm9RjOs4mnVclo,"Samayama (From ""Hi Nanna"")","Anurag Kulkarni, Sithara Krishnakumar, Hesham Abdul Wahab","Samayama (From ""Hi Nanna"")",https://i.scdn.co/image/ab67616d0000b273ea5a7ae393a3f8dfe6d53bb5,,https://open.spotify.com/track/0hujsbFzpm9RjOs4mnVclo,204181,0.9,0.8,120.0,0.5,0.5,0,1
7HCN0m6CJ0Gf74U66P6xWc,Eeswaran (Title Song),"Thaman S, Deepak Blue, Aravind Srinivas",Eeswaran (Original Motion Picture Soundtrack),https://i.scdn.co/image/ab67616d0000b2738d6df134128265744e1b4706,,https://open.spotify.com/track/7HCN0m6CJ0Gf74U66P6xWc,178000,0.9,0.8,120.0,0.5,0.5,0,1
,[iSongs.info] 03 - Gunde Ninda,D.Imman,Teddy - (2021),,,,296000,0.5,0.5,120.0,0.5,0.5,0,1
6uoWfLrRJBmH7BZraESDV7,Mrithyunjaya,Kala Bhairava,Zombie Reddy,https://i.scdn.co/image/ab67616d0000b2734386f68ef4cc40c315e2af9c,,https://open.spotify.com/track/6uoWfLrRJBmH7BZraESDV7,255255,0.9,0.8,120.0,0.5,0.5,0,1
15tihU7QrnhaBvE7hXGDwa,Maate Vinadhuga,Sid Sriram,Taxiwaala,https://i.scdn.co/image/ab67616d0000b273b25186ce963e3c84b513f33d,,https://open.spotify.com/track/15tihU7QrnhaBvE7hXGDwa,296220,0.9,0.8,120.0,0.5,0.5,0,1
2cWZSy1oeDB4F1QYRKjMg9,Suro Suro,"A.R. Rahman, Mohit Chauhan, Nakul Abhyankar",Ayalaan (Original Motion Picture Soundtrack),https://i.scdn.co/image/ab67616d0000b273388f8986830e46b1cfa8a460,,https://open.spotify.com/track/2cWZSy1oeDB4F1QYRKjMg9,232192,0.9,0.8,120.0,0.5,0.5,0,1
5MO3BmhR1zGGutGk1eRMdY,Maruvaali,"Darbuka Siva, Sid Sriram",Thoota (Original Motion Picture Soundtrack),https://i.scdn.co/image/ab67616d0000b2739c589c95b82e2beb289a612d,,https://open.spotify.com/track/5MO3BmhR1zGGutGk1eRMdY,355847,0.9,0.8,120.0,0.5,0.5,0,1
6gh58AByg6ZgpqnZDdWr0N,Rendai Thirigae,"Krish, M.K.Balaji, Mili",Brothers,https://i.scdn.co/image/ab67616d0000b273a3fe55e7274aceebe3a20b47,,https://open.spotify.com/track/6gh58AByg6ZgpqnZDdWr0N,287310,0.9,0.8,120.0,0.5,0.5,0,1
0d6N0ZpzISvx1c6uKx0teR,"Aadam Paadam - From ""Madhuram""","Hesham Abdul Wahab, Vineeth Sreenivasan, Vinayak Sasikumar","Aadam Paadam (From ""Madhuram"")",https://i.scdn.co/image/ab67616d0000b2737af45cd8c7141cc9e245ce6c,,https://open.spotify.com/track/0d6N0ZpzISvx1c6uKx0teR,191495,0.9,0.8,120.0,0.5,0.5,0,1
1Odo14h0hmFmgeVMeEtvQc,Irulkkannumay,"Vishnu Shyam, Vinayak Sasikumar",Kooman (Original Motion Picture Soundtrack),https://i.scdn.co/image/ab67616d0000b273451bd68db93c36b69deefdb0,,https://open.spotify.com/track/1Odo14h0hmFmgeVMeEtvQc,240888,0.9,0.8,120.0,0.5,0.5,0,1
62lPzNTDBg3dazXOoBm72W,Teliyadhe,"KASYAP, Lipsika Bhashyam",Teliyadhe,https://i.scdn.co/image/ab67616d0000b2738bfabace9028b8dbef9946b0,,https://open.spotify.com/track/62lPzNTDBg3dazXOoBm72W,241071,0.9,0.8,120.0,0.5,0.5,0,1
6qH659jCgHWiJI8hNXZyq3,Walking Gangster,"Abishek Ar., Brriththeve Sathyakumar",Game On,https://i.scdn.co/image/ab67616d0000b273e7f3c086224d246cd09d4831,,https://open.spotify.com/track/6qH659jCgHWiJI8hNXZyq3,80061,0.5,0.5,120.0,0.5,0.5,0,1
2UsYQNgpG5tjcDoq8Yg0Nl,Bhare Naina,"Vishal-Shekhar, Nandini Srikar, Panchhi Jalonvi",Ra-One,https://i.scdn.co/image/ab67616d0000b27344aa56e23e3a89802e6c6347,,https://open.spotify.com/track/2UsYQNgpG5tjcDoq8Yg0Nl,360791,0.9,0.8,120.0,0.5,0.5,0,1
748ih9gzoNJ90rmyF2SH6y,"Welcome To Hyderabad (From ""Premalu"")","Vishnu Vijay, Suhail Koya, Kapil Kapilan, Shakthisree Gopalan",Premalu (Original Motion Picture Soundtrack),https://i.scdn.co/image/ab67616d0000b273dca7452def61d95086bfad8f,,https://open.spotify.com/track/748ih9gzoNJ90rmyF2SH6y,222604,0.9,0.8,120.0,0.5,0.5,0,1
,[iSongs.info] 03 - Mini Maharani,"Aditya Iyengar, Manisha Eerabathini",Premalu - (2024),,,,233000,0.5,0.5,120.0,0.5,0.5,0,1
656dEuaqoe51zXiYnjaAHm,"Kutty Kudiye (From ""Premalu"")","Vishnu Vijay, Suhail Koya, Sanjith Hegde",Premalu (Original Motion Picture Soundtrack),https://i.scdn.co/image/ab67616d0000b273dca7452def61d95086bfad8f,,https://open.spotify.com/track/656dEuaqoe51zXiYnjaAHm,184836,0.9,0.8,120.0,0.5,0.5,0,1
,[iSongs.info] 05 - Telangana Bommalu,Vinayak,Premalu - (2024),,,,265000,0.5,0.5,120.0,0.5,0.5,0,1
37KgM3qNYvDdMC9m6IvBOf,Nijame Ne Chebutunna,"Sid Sriram, Shekar Chandra",Ooru Peru Bhairavakona,https://i.scdn.co/image/ab67616d0000b2731e5af7c5265c7ce91982b418,,https://open.spotify.com/track/37KgM3qNYvDdMC9m6IvBOf,214997,0.9,0.8,120.0,0.5,0.5,0,1
7w3C8t0luarMPxNPmkwWaY,"Ika Na Maate (From ""Manamey"")",Hesham Abdul Wahab,"Ika Na Maate (From ""Manamey"")",https://i.scdn.co/image/ab67616d0000b2731c273aa1786aef3f6f932696,,https://open.spotify.com/track/7w3C8t0luarMPxNPmkwWaY,184074,0.9,0.8,120.0,0.5,0.5,0,1
0tuK3bLfUyMwQeh6nxT91F,Telisiney Na Nuvvey - Telugu,"L. V. Revanth, Radhan",Arjun Reddy,https://i.scdn.co/image/ab67616d0000b27357cbf6f0891299fcf7cb4496,,https://open.spotify.com/track/0tuK3bLfUyMwQeh6nxT91F,252286,0.9,0.8,120.0,0.5,0.5,0,1
536PUezFmGs6oMbfUktxgp,Maayo,"A.R. Rahman, Sid Sriram, Shweta Mohan",Adirindhi (Original Motion Picture Soundtrack),https://i.scdn.co/image/ab67616d0000b27366659c7d88e0c16f020e6180,,https://open.spotify.com/track/536PUezFmGs6oMbfUktxgp,279749,0.9,0.8,120.0,0.5,0.5,0,1
4yMbbysldl7E3WgiaugnwM,Bekhayali,"Sachet Tandon, Sachet-Parampara, Irshad Kamil",Kabir Singh,https://i.scdn.co/image/ab67616d0000b273c5545f737b16ad5ee767b62a,,https://open.spotify.com/track/4yMbbysldl7E3WgiaugnwM,371790,0.9,0.8,120.0,0.5,0.5,0,1
5gBa7yfdEUKrpJbhAygKRs,"Vaadi Pulla Vaadi - From ""Meesaya Murukku""",Hiphop Tamizha,"Vaadi Pulla Vaadi (From ""Meesaya Murukku"")",https://i.scdn.co/image/ab67616d0000b2732b8a88f44298b20d11712d22,,https://open.spotify.com/track/5gBa7yfdEUKrpJbhAygKRs,246725,0.9,0.8,120.0,0.5,0.5,0,1
0G9oRguGAB9ryKPcLPzMn5,"Bagheera Teaser Theme (From ""Bagheera"")",B. Ajaneesh Loknath,"Bagheera Teaser Theme (From ""Bagheera"")",https://i.scdn.co/image/ab67616d0000b273e8331510e3f07aa223618557,,https://open.spotify.com/track/0G9oRguGAB9ryKPcLPzMn5,86802,0.9,0.8,120.0,0.5,0.5,0,1
,[iSongs.info] 02 - Welcome To Hyderabad,"Harika Narayan, Ritesh G Rao",Premalu - (2024),,,,232000,0.5,0.5,120.0,0.5,0.5,0,1
1kFNFsAZ4iZy4vjBEtT12I,"Illuminati - From ""Aavesham""","Sushin Shyam, Dabzee, Vinayak Sasikumar","Illuminati (From ""Aavesham"")",https://i.scdn.co/image/ab67616d0000b273b54cdfbfaa828674ffecd12c,,https://open.spotify.com/track/1kFNFsAZ4iZy4vjBEtT12I,212525,0.9,0.8,120.0,0.5,0.5,0,1
46pxTCNJRJZ90KuYGtpa0R,Madam Sir Madam Anthe (Original Motion Picture Soundtrack) ((From Maruthi Nagar Subramanyam)),"Sid Sriram, Kalyan Nayak, Bhaskarabhatla",Madam Sir Madam Anthe (Original Motion Picture Soundtrack) (From Maruthi Nagar Subramanyam),https://i.scdn.co/image/ab67616d0000b273fe30bd4effef0a5e05859ec4,,https://open.spotify.com/track/46pxTCNJRJZ90KuYGtpa0R,199806,0.9,0.8,120.0,0.5,0.5,0,1
7vfbmFFmduAa4f76UxmuVx,"Gallanthe (From ""Eagle"")","Davzand, Krishna Kanth, Kapil Kapilan, Lynn","Gallanthe (From ""Eagle"")",https://i.scdn.co/image/ab67616d0000b27354c4ef17a605563390c6a364,,https://open.spotify.com/track/7vfbmFFmduAa4f76UxmuVx,217381,0.9,0.8,120.0,0.5,0.5,0,1
4ZhokGNyGcA0nmslicY4wV,Burnout The Engine,"Christo Xavier, SVDP",Turbo (Original Motion Picture Soundtrack),https://i.scdn.co/image/ab67616d0000b273ab5907df771981078f2a6e23,,https://open.spotify.com/track/4ZhokGNyGcA0nmslicY4wV,163796,0.9,0.8,120.0,0.5,0.5,0,1
4Lj7N3wHUZBkf2c356ZYvl,"Picchiga Nacchesave (From ""Gam Gam Ganesha"")","Chaitan Bharadwaj, Suresh Banisetti, Anurag Kulkarni","Picchiga Nacchesave (From ""Gam Gam Ganesha"")",https://i.scdn.co/image/ab67616d0000b27358bc1c1662c272f6ed55fd5e,,https://open.spotify.com/track/4Lj7N3wHUZBkf2c356ZYvl,213875,0.9,0.8,120.0,0.5,0.5,0,1
5Uu72nPtcwqcSfbjx9luw4,Brundavanive,"Chaitan Bharadwaj, Sid Sriram",Gam Gam Ganesha,https://i.scdn.co/image/ab67616d0000b273af61e1b4c87fc83520f020b9,,https://open.spotify.com/track/5Uu72nPtcwqcSfbjx9luw4,218403,0.9,0.8,120.0,0.5,0.5,0,1
4sCcDvX30uu39ozvxcRsqB,"Vilambara Idaiveli - From ""Imaikkaa Nodigal""","Hiphop Tamizha, Christopher Stanley, Sudarshan Ashok, Srinisha Jayaseelan","Vilambara Idaiveli (From ""Imaikkaa Nodigal"")",https://i.scdn.co/image/ab67616d0000b2733790f4a6ab5674708b8fa36f,,https://open.spotify.com/track/4sCcDvX30uu39ozvxcRsqB,273396,0.9,0.8,120.0,0.5,0.5,0,1
0lttJ9CNuTWRojQmg9ytla,"Vintage Love (From ""Star"")",Yuvan Shankar Raja,"Vintage Love (From ""Star"")",https://i.scdn.co/image/ab67616d0000b273dbf7e6fa0e0ed44a7d57b47e,,https://open.spotify.com/track/0lttJ9CNuTWRojQmg9ytla,207608,0.9,0.8,120.0,0.5,0.5,0,1
0qdiNx11tQtjFCqbko9i2k,"Garam Garam (From ""Saripodhaa Sanivaaram"")","Jakes Bejoy, Vishal Dadlani, Sanapati Bharadwaj Patrudu","Garam Garam (From ""Saripodhaa Sanivaaram"")",https://i.scdn.co/image/ab67616d0000b273072c8ed9f81cda0ecd807893,,https://open.spotify.com/track/0qdiNx11tQtjFCqbko9i2k,250761,0.9,0.8,120.0,0.5,0.5,0,1
7aWLbQEvdE4dzNyOvE9Bki,Bhai,Suchith Suresan,Bhai,https://i.scdn.co/image/ab67616d0000b273578094da4d9bd9d6d459c60d,,https://open.spotify.com/track/7aWLbQEvdE4dzNyOvE9Bki,206648,0.9,0.8,120.0,0.5,0.5,0,1
3Is6oEUhYSncpwGp9zKjU0,"Baby John Title Reveal - From ""Baby John""",Thaman S,"Baby John Title Reveal (From ""Baby John"")",https://i.scdn.co/image/ab67616d0000b27325d8799cb853b6d157d49166,,https://open.spotify.com/track/3Is6oEUhYSncpwGp9zKjU0,60753,0.9,0.8,120.0,0.5,0.5,0,1
45INGwihwyL537U2JdGuzW,"Chinna Chinna Kangal (From ""The Greatest Of All Time"")","Thalapathy Vijay, Yuvan Shankar Raja, Raja Bhavatharini","Chinna Chinna Kangal (From ""The Greatest Of All Time"")",https://i.scdn.co/image/ab67616d0000b2737d73d1d77ae914c7b31b53ed,,https://open.spotify.com/track/45INGwihwyL537U2JdGuzW,269109,0.9,0.8,120.0,0.5,0.5,0,1
4gkjonokhGz5iVg0Af5z1A,Humma Humma,"Shekar Chandra, Ram Miriyala, Tirupathi Jaavana",Ooru Peru Bhairavakona,https://i.scdn.co/image/ab67616d0000b2737ee532fd403f16e223959478,,https://open.spotify.com/track/4gkjonokhGz5iVg0Af5z1A,189621,0.9,0.8,120.0,0.5,0.5,0,1
,[iSongs.info] 01 - Surviva,"Mali, Ranjith Govind, Anirudh Ravichander, Yogi B",Vivekam - (2017),,,,222000,0.5,0.5,120.0,0.5,0.5,0,1
7HSYxp0fDJBHfWu3omfBd7,Bhaga Bhaga,"Anirudh Ravichander, Deepak Blue, Santosh Hariharan, Aravind Srinivas",Vivekam (Original Motion Picture Soundtrack),https://i.scdn.co/image/ab67616d0000b2733f5359cd7a1fcf0066c7986c,,https://open.spotify.com/track/7HSYxp0fDJBHfWu3omfBd7,195504,0.9,0.8,120.0,0.5,0.5,0,1
43xyHkmftrAmEKhWl3GYIv,Idhe Idhe,Hesham Abdul Wahab,Hi Nanna,https://i.scdn.co/image/ab67616d0000b273ab23f0fba2fe563bc5544126,,https://open.spotify.com/track/43xyHkmftrAmEKhWl3GYIv,215175,0.9,0.8,120.0,0.5,0.5,0,1
,[iSongs.info] 02 - Balega Tagilavey Bangaram,Anirudh Ravichander,Krack - (2020),,,,219000,0.5,0.5,120.0,0.5,0.5,0,1
2SXgggyreyLhX9EM8ehawn,"Fire Song (From ""Kanguva"") (Telugu)","Anurag Kulkarni, Deepthi Suresh, Devi Sri Prasad, Shree Mani","Fire Song (From ""Kanguva"") (Telugu)",https://i.scdn.co/image/ab67616d0000b2732477c6522214264889ce5d45,,https://open.spotify.com/track/2SXgggyreyLhX9EM8ehawn,206727,0.9,0.8,120.0,0.5,0.5,0,1
4Q6AsZ2kE5DM7c0yPaGCN7,Raayan Rumble,"Arivu, Rakendu Mouli",Raayan (Original Motion Picture Soundtrack),https://i.scdn.co/image/ab67616d0000b2739b86c7654b535b670c08a6d4,,https://open.spotify.com/track/4Q6AsZ2kE5DM7c0yPaGCN7,213478,0.9,0.8,120.0,0.5,0.5,0,1
2uF7JGH6B2FZ95m1hkFHSF,Sairo Sairo,"Ranjith Govind, Rahul Nambiar, Naveen",Baadshah,https://i.scdn.co/image/ab67616d0000b273c68d773e811ba8a6879d6a79,,https://open.spotify.com/track/2uF7JGH6B2FZ95m1hkFHSF,230161,0.9,0.8,120.0,0.5,0.5,0,1
3MfmDSesft8uJJbaJe2LvH,"Turbo Trailer Theme (From ""Turbo"")","Christo Xavier, Arjun Ashokan, Vaisakh Sugunan","Turbo Trailer Theme (From ""Turbo"")",https://i.scdn.co/image/ab67616d0000b273bbe6267771a8d944f0a7b951,,https://open.spotify.com/track/3MfmDSesft8uJJbaJe2LvH,134716,0.9,0.8,120.0,0.5,0.5,0,1
0V6XoG8tWC7xhUNwYLOGYL,Kollagottey,"Anirudh Ravichander, Srimani",Remo (Telugu) [Original Motion Picture Soundtrack],https://i.scdn.co/image/ab67616d0000b273be9245aba908fc51dd8e1a3c,,https://open.spotify.com/track/0V6XoG8tWC7xhUNwYLOGYL,251333,0.9,0.8,120.0,0.5,0.5,0,1
3U1lRa56VJbOFqfWI2PTrj,Mandaara Poovalle,"Yuvan Shankar Raja, Benny Dayal",Awaara (Original Motion Picture Soundtrack),https://i.scdn.co/image/ab67616d0000b2735f591ef17387dc503f8749ca,,https://open.spotify.com/track/3U1lRa56VJbOFqfWI2PTrj,322146,0.9,0.8,120.0,0.5,0.5,0,1
0nz2jdB7FwoSkDsXfqSoSt,"Kannulu Chedire (From ""WWW"")(Telugu)",Yazin Nizar,"Kannulu Chedire (From ""WWW"")(Telugu)",https://i.scdn.co/image/ab67616d0000b2730a7e053cc87e6a98f9bdf13c,,https://open.spotify.com/track/0nz2jdB7FwoSkDsXfqSoSt,221000,0.9,0.8,120.0,0.5,0.5,0,1
6iRxlGYx90YnrXZCur191p,Arjunar Villu,"Sukhwinder Singh, Manikka Vinayagam, Kabilan",Gilli (Original Motion Picture Soundtrack),https://i.scdn.co/image/ab67616d0000b2734a665e20442f09cedc571ba6,,https://open.spotify.com/track/6iRxlGYx90YnrXZCur191p,266309,0.9,0.8,120.0,0.5,0.5,0,1
398zdqDWPOdmg7oGqffH8k,"Bhairathi Ranagal Title Song (From ""Bhairathi Ranagal"")","Santhosh Venky, Ravi Basrur","Bhairathi Ranagal Title Song (From ""Bhairathi Ranagal"")",https://i.scdn.co/image/ab67616d0000b273c151c5ae16e015dad39f30b6,,https://open.spotify.com/track/398zdqDWPOdmg7oGqffH8k,218991,0.9,0.8,120.0,0.5,0.5,0,1
3KpBJtSOZdWTNk48O2b4m9,Bhaga Bhaga,"Jakes Bejoy, Sanapati Bharadwaj Patrudu",Saripodhaa Sanivaaram (Original Motion Picture Soundtrack),https://i.scdn.co/image/ab67616d0000b2730188dda95e6624e9c665beb5,,https://open.spotify.com/track/3KpBJtSOZdWTNk48O2b4m9,175677,0.9,0.8,120.0,0.5,0.5,0,1
555d0iaIa173KumnrfnTXV,Bholo Ashta Lakshmi,"Karthik, Geetha Madhuri",Ragada,https://i.scdn.co/image/ab67616d0000b2732e6269739afe023e194bd8c6,,https://open.spotify.com/track/555d0iaIa173KumnrfnTXV,253484,0.9,0.8,120.0,0.5,0.5,0,1
3dHP1GUSR19PB1baWz37LN,"Golden Sparrow (From ""Nilavuku En Mel Ennadi Kobam"")","G. V. Prakash, Arivu, Dhanush, Sublahshini","Golden Sparrow (From ""Nilavuku En Mel Ennadi Kobam"")",https://i.scdn.co/image/ab67616d0000b273ec8dccdf95c4550567fa64ca,,https://open.spotify.com/track/3dHP1GUSR19PB1baWz37LN,230400,0.9,0.8,120.0,0.5,0.5,0,1
4UmvgzeakYS2F14pvyPSD1,"Masthie (From ""The Greatest Of All Time"")","Yuvan Shankar Raja, Shenbagaraj, Velu, Sam, Narayanan Ravishankar","Masthie (From ""The Greatest Of All Time"")",https://i.scdn.co/image/ab67616d0000b273da8092a8d05c7b7b009a84ab,,https://open.spotify.com/track/4UmvgzeakYS2F14pvyPSD1,212128,0.9,0.8,120.0,0.5,0.5,0,1
6RUA84fCWd7hqtmofzU6l3,"Daavudi (From ""Devara Part 1"")","Nakash Aziz, AKASA, Anirudh Ravichander","Daavudi (From ""Devara Part 1"") [TELUGU]",https://i.scdn.co/image/ab67616d0000b273c55f82e66732fdf3f600dce7,,https://open.spotify.com/track/6RUA84fCWd7hqtmofzU6l3,229188,0.9,0.8,120.0,0.5,0.5,0,1
7KB0zREYCrQU3refE5x0M3,"Manasilaayo (From ""Vettaiyan"")","Anirudh Ravichander, Malaysia Vasudevan, Deepthi Suresh, Yugendran Vasudeva Nair","Manasilaayo (From ""Vettaiyan"")",https://i.scdn.co/image/ab67616d0000b273d8f0656fd16c02091de43d35,,https://open.spotify.com/track/7KB0zREYCrQU3refE5x0M3,235629,0.9,0.8,120.0,0.5,0.5,0,1
0NAUzrHSWZwDCFsAT5fBV4,Rathamaarey,"Vishal Mishra, Anirudh Ravichander, Vignesh Shivan",Jailer (Original Motion Picture Soundtrack),https://i.scdn.co/image/ab67616d0000b2736d7009c6abdb966deac1fa86,,https://open.spotify.com/track/0NAUzrHSWZwDCFsAT5fBV4,252151,0.9,0.8,120.0,0.5,0.5,0,1
4pL68JYoexCl81uq3bubFD,Oohalu Oorege Gaalanthaa,"Haricharan, Keerthana",Sammohanam,https://i.scdn.co/image/ab67616d0000b273e8891b3af7abb237d4b88bd3,,https://open.spotify.com/track/4pL68JYoexCl81uq3bubFD,289041,0.9,0.8,120.0,0.5,0.5,0,1
3h9UdkxpoUQxNqS8IeTC4Z,"Hunter Vantaar (From ""Vettaiyan"")","Anirudh Ravichander, Siddharth Basrur, Arivu","Hunter Vantaar (From ""Vettaiyan"")",https://i.scdn.co/image/ab67616d0000b273720496e13cad5a2b787729cd,,https://open.spotify.com/track/3h9UdkxpoUQxNqS8IeTC4Z,192631,0.9,0.8,120.0,0.5,0.5,0,1
5Pqv6e52EWyqxeNyFYqDni,Ayudha Pooja [TELUGU],"Kala Bhairava, Anirudh Ravichander, Ramajogayya Sastry",Devara Part 1 [TELUGU],https://i.scdn.co/image/ab67616d0000b273ace943da67db014bbcbbf1c1,,https://open.spotify.com/track/5Pqv6e52EWyqxeNyFYqDni,174088,0.9,0.8,120.0,0.5,0.5,0,1
7frWUq8m2KNHx82TS6R5Rz,Takkunu Takkunu,"Hiphop Tamizha, Anirudh Ravichander",Mr. Local (Original Motion Picture Soundtrack),https://i.scdn.co/image/ab67616d0000b273b8afa87d42948ca4765828c8,,https://open.spotify.com/track/7frWUq8m2KNHx82TS6R5Rz,212727,0.9,0.8,120.0,0.5,0.5,0,1
23OqqSKCL20P1RYbcskEvF,Amudha Amudha,"Harris Jayaraj, Karthik, Ahana Balaji, Bhargavi Sridhar, Parvathy Meera",Brother (Original Motion Picture Soundtrack),https://i.scdn.co/image/ab67616d0000b273ad645386bb31bf756ef4a51a,,https://open.spotify.com/track/23OqqSKCL20P1RYbcskEvF,228249,0.9,0.8,120.0,0.5,0.5,0,1
7rPeM8w0UaAg9laoNoVT7z,Nannu Veedi Etto,S. P. Balasubrahmanyam,Dev,https://i.scdn.co/image/ab67616d0000b2735059d4edb0982a1ed84663ba,,https://open.spotify.com/track/7rPeM8w0UaAg9laoNoVT7z,312267,0.9,0.8,120.0,0.5,0.5,0,1
51JkjupL5rHz5jGDwlWCad,"Kavithe Kavithe (From ""Yuva"")","Sanjith Hegde, B. Ajaneesh Loknath","Kavithe Kavithe (From ""Yuva"")",https://i.scdn.co/image/ab67616d0000b2738d78a16fe2aa84de53a6dec1,,https://open.spotify.com/track/51JkjupL5rHz5jGDwlWCad,214617,0.9,0.8,120.0,0.5,0.5,0,1
7FDfdcDlwoBWRE4hSubYrR,O Kalala Kathala,"Sathyaprakash, Chinmayi, Justin Prabhakaran, Rehman",Dear Comrade,https://i.scdn.co/image/ab67616d0000b273c6f410d1164cffea1c1321cb,,https://open.spotify.com/track/7FDfdcDlwoBWRE4hSubYrR,305088,0.9,0.8,120.0,0.5,0.5,0,1
